Isabela Almeida,7.3,6.6,7.3
Maria Oliveira,6.0,5.4,6.2
Juliana Nascimento,9.8,9.9,6.4
Sofia Souza,6.1,9.1,8.8
Isabela Silva,6.4,5.9,6.8
Joao Gomes,8.3,10.0,5.5
Guilherme Santos,8.4,9.1,9.8
Ana Rodrigues,5.6,8.7,6.8
Lucas Oliveira,9.3,5.6,7.4
Maria Ribeiro,6.9,5.5,6.9
Rafael Carvalho,6.4,5.0,7.4
Rafael Lima,8.6,10.0,5.6
Isabela Lima,5.4,5.3,8.5
Felipe Silva,8.5,7.6,8.1
Mariana Pereira,7.1,8.4,5.5
Ricardo Gomes,5.9,9.9,9.5
Carlos Nascimento,6.0,7.4,9.4
Guilherme Carvalho,7.4,6.4,9.5
Felipe Santos,6.4,9.8,8.7
Rafael Oliveira,8.0,6.4,8.2
Juliana Moura,9.3,9.7,8.7
Juliana Silva,6.3,6.8,9.2
Ana Santos,9.4,6.0,9.3
Lucas Pereira,7.3,7.3,7.0
Guilherme Nascimento,7.0,6.3,7.8
Felipe Martins,9.6,9.0,6.8
Guilherme Almeida,6.3,7.4,8.9
Sofia Martins,7.3,5.9,8.9
Maria Silva,5.5,9.9,7.9
Ricardo Ferreira,8.9,6.3,5.6
Lucas Lima,6.2,6.6,5.4
Lucas Carvalho,8.3,6.2,8.3
Camila Carvalho,9.4,6.3,8.9
Aline Almeida,5.3,8.9,7.5
Lucas Martins,7.9,8.1,9.1
Carlos Nascimento,9.0,8.1,6.7
Joao Santos,8.7,5.7,7.1
Aline Almeida,9.0,8.2,9.9
Isabela Martins,5.7,8.9,7.4
Pedro Oliveira,7.6,7.1,7.6
Joao Carvalho,6.4,9.5,6.0
Carlos Souza,9.7,5.8,9.5
Aline Martins,8.9,5.6,9.3
Lucas Oliveira,8.5,6.3,7.5
Ana Martins,8.2,6.9,9.0
Lucas Ribeiro,8.5,9.0,5.1
Isabela Carvalho,5.1,5.2,5.6
Pedro Rodrigues,7.1,6.7,10.0
Aline Carvalho,8.8,8.9,8.7
Guilherme Gomes,7.4,9.7,5.1
Ricardo Gomes,6.6,6.3,9.5
Isabela Ribeiro,9.2,9.8,8.1
Mariana Rodrigues,9.5,8.6,5.0
Mariana Rodrigues,5.9,6.4,8.5
Carlos Ferreira,9.7,6.2,9.1
Ricardo Gomes,9.9,9.2,6.0
Guilherme Ribeiro,7.7,9.9,8.4
Aline Costa,8.2,6.6,9.5
Joao Carvalho,6.6,9.7,9.4
Felipe Gomes,9.4,8.3,9.2
Joao Ferreira,8.9,7.2,6.0
Guilherme Carvalho,8.5,9.2,7.0
Lucas Nascimento,5.7,7.3,9.9
Maria Souza,5.7,5.3,9.3
Ricardo Oliveira,5.3,5.4,7.3
Pedro Oliveira,5.5,5.7,9.8
Lucas Souza,8.8,6.0,9.4
Mariana Almeida,8.7,9.7,9.6
Isabela Martins,7.9,5.8,7.4
Guilherme Moura,7.2,6.8,5.7
Guilherme Santos,7.4,8.6,5.2
Ana Martins,5.7,9.3,8.9
Felipe Almeida,9.5,6.2,7.9
Ricardo Souza,9.8,7.1,8.5
Aline Santos,7.2,5.4,6.2
Lucas Rodrigues,8.7,6.3,9.1
Camila Costa,9.5,8.2,7.7
Isabela Martins,6.4,9.5,6.7
Carlos Almeida,7.7,9.0,8.0
Ricardo Souza,6.1,8.6,7.0
Lucas Almeida,9.2,9.3,8.0
Isabela Santos,6.0,7.2,8.3
Mariana Pereira,9.0,8.6,5.5
Mariana Ribeiro,7.6,9.5,9.1
Maria Nascimento,5.2,5.8,7.3
Maria Martins,10.0,6.6,9.8
Felipe Gomes,9.4,7.8,6.2
Aline Almeida,7.7,8.4,9.3
Pedro Almeida,8.3,5.6,8.0
Lucas Costa,5.1,7.4,8.3
Ricardo Silva,5.1,6.2,5.8
Camila Costa,6.8,5.1,7.3
Maria Nascimento,5.4,7.1,6.8
Pedro Silva,5.3,9.6,9.7
Mariana Carvalho,8.9,6.7,5.5
Felipe Gomes,7.4,9.9,7.0
Juliana Costa,10.0,9.8,9.7
Ricardo Silva,9.5,9.5,9.5
Maria Oliveira,9.1,9.4,5.8
Lucas Rodrigues,9.5,8.8,5.7
Pedro Pereira,9.0,7.1,9.4
Lucas Nascimento,6.0,9.9,6.7
Juliana Carvalho,9.9,5.9,8.2
Juliana Martins,9.8,5.8,8.9
Pedro Almeida,7.3,9.6,8.3
Aline Silva,5.9,9.5,9.4
Aline Gomes,8.8,9.3,8.8
Guilherme Lima,9.5,7.0,7.6
Lucas Costa,6.2,7.0,6.8
Aline Pereira,9.5,6.5,8.2
Ricardo Ribeiro,8.1,6.6,8.1
Ricardo Moura,6.6,7.3,6.5
Juliana Pereira,8.0,9.4,7.4
Guilherme Almeida,9.4,8.5,8.9
Sofia Rodrigues,8.6,7.4,6.3
Guilherme Almeida,6.1,9.5,9.8
Mariana Nascimento,8.6,5.9,8.3
Maria Martins,7.0,9.0,5.3
Ricardo Lima,6.6,9.2,9.0
Pedro Ribeiro,6.1,7.6,9.1
Pedro Martins,7.2,7.5,6.6
Rafael Lima,6.7,7.4,9.6
Juliana Moura,5.6,7.8,5.9
Isabela Carvalho,5.0,8.8,9.8
Guilherme Moura,9.7,5.7,5.8
Juliana Moura,9.0,9.6,8.5
Felipe Lima,6.1,8.5,7.8
Ana Silva,5.8,6.6,5.1
Carlos Rodrigues,9.5,8.0,5.8
Juliana Moura,5.2,6.7,7.4
Pedro Ferreira,6.6,9.3,5.7
Sofia Silva,6.9,9.3,7.8
Rafael Gomes,9.3,7.3,9.1
Guilherme Almeida,5.9,7.2,9.8
Carlos Ferreira,9.6,7.9,8.2
Pedro Santos,5.3,8.8,8.0
Ricardo Carvalho,9.8,5.6,8.0
Maria Ribeiro,5.8,6.1,9.2
Maria Costa,5.6,9.4,8.5
Ana Moura,7.4,7.0,9.7
Camila Costa,7.5,8.7,8.6
Joao Lima,6.3,6.1,9.2
Pedro Silva,7.9,5.4,6.6
Carlos Santos,8.0,8.1,5.3
Joao Moura,9.9,8.8,5.7
Pedro Ribeiro,5.3,8.3,7.2
Aline Rodrigues,8.1,7.1,8.0
Camila Carvalho,8.2,6.8,6.5
Rafael Rodrigues,8.4,7.6,9.9
Camila Souza,6.1,5.2,5.7
Sofia Pereira,8.4,9.9,8.7
Sofia Carvalho,7.8,8.6,8.2
Maria Lima,8.7,5.9,7.3
Mariana Silva,5.3,5.8,9.2
Lucas Oliveira,6.5,9.8,8.2
Pedro Oliveira,9.7,5.4,6.8
Mariana Moura,9.8,8.5,9.8
Isabela Rodrigues,9.2,5.0,7.6
Aline Lima,6.7,6.2,7.3
Maria Silva,7.1,5.0,6.3
Camila Santos,5.3,8.4,5.1
Maria Ribeiro,6.4,9.8,7.3
Pedro Moura,6.2,8.0,8.7
Mariana Martins,6.3,8.6,6.2
Mariana Ribeiro,7.5,9.4,6.6
Aline Carvalho,5.5,8.9,8.4
Guilherme Almeida,9.1,7.0,7.4
Carlos Gomes,6.5,6.5,8.3
Maria Souza,9.5,6.3,9.7
Mariana Silva,6.4,8.2,6.2
Joao Almeida,7.1,5.6,5.4
Mariana Moura,8.2,9.3,9.4
Guilherme Ribeiro,5.0,6.0,7.7
Rafael Ferreira,6.0,8.5,7.1
Ricardo Silva,9.8,8.8,8.6
Mariana Oliveira,5.2,5.4,6.7
Camila Gomes,6.0,6.0,6.5
Aline Rodrigues,8.1,5.8,10.0
Camila Gomes,7.3,8.6,7.1
Isabela Pereira,8.4,5.4,7.5
Rafael Carvalho,7.4,8.9,8.3
Camila Ribeiro,9.1,8.6,8.8
Rafael Santos,8.1,7.6,9.2
Isabela Costa,9.4,8.9,6.2
Sofia Martins,6.2,7.8,7.6
Ana Ribeiro,5.4,5.5,5.5
Felipe Pereira,7.4,7.1,9.2
Isabela Ribeiro,6.0,8.9,8.3
Ricardo Ribeiro,5.6,8.0,8.3
Ricardo Costa,5.8,8.6,6.5
Mariana Rodrigues,8.8,5.6,6.7
Isabela Costa,7.8,7.6,6.0
Ricardo Almeida,9.5,7.8,8.3
Mariana Oliveira,5.5,9.4,5.0
Carlos Souza,8.3,9.9,9.8
Carlos Silva,5.8,7.0,5.9
Maria Martins,6.8,9.1,6.9
Ricardo Oliveira,6.6,8.2,8.2
Isabela Oliveira,8.9,9.1,8.1
Juliana Silva,9.9,7.6,5.4
Carlos Lima,6.4,8.9,9.5
Juliana Oliveira,8.3,9.3,8.7
Camila Souza,9.2,6.1,9.2
Camila Carvalho,8.4,6.4,5.1
Sofia Costa,7.2,7.1,5.5
Sofia Souza,9.8,6.1,6.8
Pedro Moura,7.7,7.7,6.2
Mariana Almeida,7.3,9.5,7.4
Mariana Oliveira,6.9,9.8,7.1
Juliana Costa,7.2,5.3,6.9
Pedro Ribeiro,5.5,5.1,10.0
Guilherme Ferreira,5.8,6.3,6.2
Carlos Santos,6.0,5.8,6.2
Ricardo Ribeiro,7.6,9.2,9.4
Ricardo Martins,9.7,5.8,8.8
Carlos Santos,8.0,5.9,8.8
Carlos Rodrigues,9.7,8.9,7.3
Felipe Ferreira,8.4,9.6,6.3
Ricardo Almeida,5.7,9.8,8.4
Guilherme Oliveira,7.6,5.8,9.8
Camila Lima,9.3,6.0,9.9
Felipe Martins,8.9,6.9,5.2
Camila Carvalho,6.5,5.1,8.2
Rafael Pereira,8.7,9.2,5.6
Isabela Costa,6.8,6.1,10.0
Pedro Ribeiro,5.7,9.4,7.6
Carlos Ferreira,9.1,9.2,8.6
Maria Martins,9.1,6.1,6.7
Joao Santos,9.9,7.9,7.4
Maria Lima,9.2,6.8,8.4
Rafael Carvalho,5.3,6.4,6.0
Juliana Santos,5.5,6.5,9.4
Rafael Silva,9.0,5.2,6.9
Camila Souza,9.1,8.9,8.2
Ricardo Carvalho,7.4,7.2,5.5
Guilherme Gomes,8.6,9.1,7.5
Maria Almeida,8.5,7.6,8.1
Aline Carvalho,5.3,7.6,6.0
Guilherme Souza,9.1,8.0,6.6
Guilherme Moura,7.1,5.9,9.4
Mariana Nascimento,6.2,9.3,8.2
Rafael Costa,7.3,7.6,8.5
Camila Ribeiro,7.3,7.2,7.9
Ana Silva,6.4,8.9,9.5
Mariana Costa,5.1,7.1,5.1
Isabela Ribeiro,5.8,6.6,8.3
Guilherme Rodrigues,5.9,7.8,5.1
Mariana Almeida,5.3,8.7,9.7
Sofia Almeida,8.5,5.8,8.8
Carlos Moura,6.5,6.4,7.7
Pedro Santos,7.1,9.9,6.0
Lucas Ribeiro,7.3,7.2,6.3
Rafael Ferreira,8.7,8.3,7.7
Camila Santos,6.5,5.2,6.8
Rafael Gomes,9.6,6.1,6.8
Aline Pereira,9.9,6.4,5.5
Guilherme Lima,5.7,8.8,8.6
Isabela Costa,9.5,7.9,8.1
Felipe Nascimento,8.8,8.3,6.8
Juliana Souza,9.6,7.0,6.3
Lucas Almeida,7.1,9.0,5.7
Aline Pereira,10.0,9.4,5.3
Carlos Silva,9.4,9.8,9.3
Pedro Carvalho,8.5,6.6,6.0
Guilherme Martins,7.7,8.2,5.7
Guilherme Carvalho,8.6,9.3,5.1
Pedro Nascimento,8.4,8.2,7.5
Juliana Oliveira,5.8,6.1,9.5
Ricardo Oliveira,7.7,6.5,6.6
Sofia Lima,9.5,5.7,8.2
Mariana Souza,9.3,8.8,8.7
Sofia Carvalho,5.8,5.7,10.0
Sofia Silva,8.5,8.8,9.3
Joao Lima,5.2,9.3,6.6
Guilherme Rodrigues,9.5,9.8,8.0
Sofia Pereira,7.4,10.0,9.7
Aline Ferreira,9.3,6.1,7.5
Sofia Moura,9.5,9.5,8.9
Ricardo Santos,9.4,7.4,5.5
Maria Nascimento,9.2,9.4,6.4
Carlos Santos,6.2,6.9,7.7
Camila Oliveira,6.0,8.1,9.1
Juliana Nascimento,7.8,7.8,6.0
Lucas Costa,7.2,7.6,5.9
Juliana Martins,6.0,8.7,6.6
Ana Costa,5.7,7.2,7.3
Felipe Oliveira,8.1,6.7,8.7
Ana Silva,5.1,8.2,8.2
Ricardo Gomes,7.5,5.1,9.6
Rafael Carvalho,5.3,7.9,9.5
Camila Souza,6.0,9.5,5.7
Mariana Rodrigues,9.5,9.1,6.2
Carlos Nascimento,8.3,7.6,9.7
Camila Ribeiro,9.5,9.3,9.0
Guilherme Pereira,8.5,5.7,9.9
Lucas Lima,9.1,9.3,5.3
Sofia Silva,5.5,8.8,8.7
Mariana Souza,7.1,8.8,9.5
Felipe Ferreira,6.0,9.2,7.7
Isabela Ribeiro,7.8,6.2,7.8
Felipe Silva,6.5,9.3,7.4
Isabela Costa,7.5,9.5,7.5
Mariana Gomes,7.1,7.2,7.5
Camila Almeida,5.3,6.6,9.7
Rafael Oliveira,7.2,6.6,7.4
Maria Moura,6.6,5.5,7.5
Joao Pereira,9.2,7.4,7.4
Felipe Nascimento,5.8,9.1,8.2
Joao Ferreira,6.1,8.0,9.4
Pedro Martins,9.3,6.5,9.0
Rafael Oliveira,9.3,6.2,6.3
Joao Martins,7.3,5.5,9.0
Pedro Ribeiro,8.3,6.8,5.6
Carlos Lima,6.4,6.7,9.0
Mariana Pereira,6.5,9.8,6.8
Juliana Costa,8.5,5.1,6.8
Carlos Carvalho,7.9,8.2,9.4
Juliana Oliveira,5.8,8.6,7.6
Carlos Lima,6.9,8.7,7.3
Ana Ribeiro,9.5,9.8,9.6
Lucas Pereira,7.0,7.8,9.9
Juliana Carvalho,6.7,9.2,5.2
Felipe Costa,5.1,6.0,6.2
Juliana Moura,7.8,6.5,6.0
Carlos Costa,5.6,6.2,9.9
Juliana Oliveira,9.9,9.2,7.9
Ana Costa,8.6,7.3,5.4
Juliana Moura,7.4,6.0,5.8
Carlos Oliveira,9.9,7.4,8.2
Maria Ribeiro,6.3,5.5,5.8
Felipe Souza,5.0,9.8,6.3
Felipe Silva,9.2,9.7,5.8
Sofia Martins,9.3,6.8,6.9
Ricardo Oliveira,8.8,9.2,6.7
Ana Ferreira,8.3,7.4,6.4
Rafael Oliveira,8.6,5.4,9.6
Aline Costa,6.0,7.4,8.1
Maria Rodrigues,7.2,7.8,7.6
Joao Souza,5.4,5.6,7.7
Mariana Costa,9.0,9.7,7.9
Carlos Oliveira,8.9,7.2,9.3
Maria Costa,5.3,6.6,7.1
Ricardo Nascimento,8.5,6.1,5.6
Mariana Moura,9.5,6.7,8.0
Camila Almeida,7.0,6.6,8.1
Ana Pereira,8.4,6.0,8.1
Aline Nascimento,8.8,6.9,9.8
Ricardo Carvalho,5.3,6.7,5.1
Juliana Costa,8.1,7.2,9.5
Pedro Nascimento,7.0,7.7,6.6
Ricardo Nascimento,7.2,6.9,5.6
Aline Ferreira,8.5,5.4,6.9
Ricardo Souza,9.2,8.4,7.5
Juliana Santos,7.6,7.3,9.1
Carlos Ribeiro,8.8,5.4,9.8
Carlos Costa,8.6,6.1,8.0
Mariana Gomes,6.3,6.1,9.5
Joao Nascimento,5.6,6.3,7.2
Joao Silva,6.6,7.3,8.3
Maria Ribeiro,5.9,5.6,8.7
Ana Santos,7.9,7.1,8.7
Juliana Santos,8.4,5.2,8.1
Mariana Pereira,8.9,7.3,5.7
Lucas Gomes,7.6,6.4,6.5
Isabela Oliveira,5.6,8.5,5.6
Ricardo Ferreira,8.9,9.3,6.5
Camila Santos,8.7,7.0,8.7
Carlos Carvalho,8.1,5.9,7.1
Ricardo Almeida,5.2,6.3,5.5
Camila Rodrigues,6.2,7.1,9.2
Rafael Ferreira,9.9,9.2,5.8
Joao Oliveira,6.6,6.3,8.3
Rafael Martins,8.4,6.3,6.2
Juliana Moura,6.6,9.6,6.8
Joao Martins,5.7,8.6,5.8
Sofia Nascimento,10.0,7.7,5.3
Isabela Moura,9.0,6.9,5.3
Felipe Silva,7.4,6.9,6.0
Lucas Lima,6.3,6.5,7.0
Aline Oliveira,9.1,5.2,5.0
Joao Moura,9.7,6.5,5.7
Carlos Almeida,5.9,7.3,6.2
Rafael Carvalho,5.7,8.2,7.5
Felipe Moura,6.8,9.9,7.3
Ricardo Carvalho,8.5,7.6,8.4
Joao Oliveira,6.9,8.3,7.7
Lucas Gomes,7.4,8.4,8.4
Guilherme Ribeiro,7.4,7.0,7.3
Felipe Ribeiro,5.3,8.4,10.0
Sofia Gomes,5.2,8.0,8.9
Isabela Oliveira,8.9,7.3,9.7
Ricardo Almeida,5.2,5.5,8.7
Ana Martins,9.7,9.8,6.9
Guilherme Nascimento,5.4,5.2,5.7
Ricardo Martins,9.5,6.8,8.4
Sofia Lima,9.3,9.7,8.9
Carlos Nascimento,5.5,6.9,9.3
Camila Souza,7.4,6.5,8.4
Camila Santos,9.3,8.9,5.2
Sofia Pereira,7.8,9.5,8.0
Carlos Gomes,6.0,5.4,8.9
Joao Silva,7.8,7.1,5.6
Carlos Martins,9.6,8.3,9.1
Mariana Lima,7.5,10.0,9.3
Mariana Silva,7.3,5.9,5.4
Camila Ribeiro,8.9,8.3,5.9
Ricardo Costa,7.2,9.8,8.1
Ricardo Carvalho,5.6,7.8,8.6
Camila Carvalho,9.7,6.6,6.0
Sofia Gomes,6.6,7.5,5.8
Carlos Moura,8.6,9.1,7.2
Felipe Martins,10.0,9.6,5.8
Aline Ribeiro,8.8,5.9,5.3
Rafael Santos,7.1,7.5,5.1
Lucas Ribeiro,7.8,5.2,7.5
Carlos Santos,7.2,6.0,8.9
Aline Silva,6.1,7.1,9.9
Lucas Ribeiro,9.3,9.7,7.3
Camila Ferreira,6.6,7.6,6.2
Rafael Nascimento,6.6,5.2,6.0
Carlos Oliveira,7.0,9.5,5.1
Sofia Rodrigues,8.4,7.2,6.3
Sofia Gomes,5.1,7.0,5.2
Ricardo Souza,5.7,9.1,9.9
Isabela Nascimento,8.2,6.1,7.5
Aline Santos,6.2,10.0,6.4
Sofia Carvalho,7.3,9.2,9.5
Guilherme Carvalho,8.6,8.9,6.0
Sofia Ribeiro,8.3,9.2,7.0
Camila Martins,8.8,8.2,8.0
Pedro Almeida,5.5,6.7,9.1
Guilherme Martins,7.8,5.8,5.4
Isabela Ferreira,7.9,9.1,7.3
Carlos Souza,7.3,7.5,8.1
Rafael Costa,8.4,8.2,9.0
Carlos Ribeiro,8.5,7.5,7.5
Isabela Rodrigues,8.8,8.6,5.7
Guilherme Nascimento,5.5,9.5,8.6
Juliana Silva,9.1,7.2,5.3
Rafael Almeida,8.3,7.8,7.2
Rafael Moura,8.2,8.7,7.1
Felipe Gomes,9.7,9.7,5.9
Mariana Souza,7.4,7.0,5.4
Sofia Pereira,9.3,7.9,8.6
Lucas Costa,9.5,9.1,7.1
Mariana Rodrigues,8.0,5.9,7.7
Maria Nascimento,5.3,6.5,6.8
Maria Silva,5.2,8.2,9.4
Ricardo Almeida,7.1,7.6,6.7
Pedro Santos,7.1,9.2,9.7
Aline Martins,8.0,7.4,5.7
Guilherme Moura,6.9,8.0,6.7
Rafael Lima,6.5,5.5,8.3
Pedro Almeida,8.4,8.7,5.5
Isabela Moura,9.4,9.2,7.4
Mariana Santos,7.3,9.9,7.5
Lucas Almeida,7.3,8.9,7.9
Lucas Martins,9.9,6.0,9.2
Carlos Almeida,8.8,7.1,6.4
Isabela Moura,7.0,5.6,9.4
Sofia Oliveira,5.5,9.0,6.6
Felipe Souza,9.3,8.5,9.4
Mariana Moura,8.8,7.2,8.4
Maria Almeida,8.5,5.4,7.6
Sofia Ferreira,5.6,6.1,5.8
Rafael Ribeiro,7.6,6.5,6.3
Mariana Moura,6.3,5.7,9.0
Ana Lima,7.0,8.6,7.4
Lucas Souza,7.3,8.0,5.7
Pedro Ribeiro,9.8,8.3,8.9
Rafael Carvalho,7.1,7.1,5.7
Lucas Almeida,9.4,7.0,7.8
Juliana Silva,7.9,6.3,6.9
Juliana Nascimento,8.3,5.6,6.1
Camila Carvalho,8.9,5.4,6.3
Felipe Rodrigues,6.5,8.0,5.5
Mariana Costa,8.6,9.1,6.1
Ana Nascimento,8.2,7.3,9.7
Camila Pereira,5.5,6.0,8.3
Pedro Silva,9.6,9.2,6.1
Ricardo Costa,6.4,9.6,9.6
Pedro Silva,8.4,6.3,8.8
Felipe Rodrigues,8.9,7.0,5.4
Juliana Ribeiro,8.1,8.8,5.5
Guilherme Martins,7.3,5.3,5.5
Pedro Nascimento,8.0,8.2,8.2
Rafael Ribeiro,9.3,7.7,7.2
Ricardo Pereira,8.5,5.3,6.4
Ricardo Santos,6.6,9.5,9.4
Camila Ribeiro,7.3,5.8,7.2
Juliana Rodrigues,5.9,6.4,8.2
Ana Rodrigues,9.1,9.2,9.0
Maria Martins,6.5,5.6,5.4
Juliana Martins,8.5,6.4,8.4
Carlos Ferreira,9.2,5.4,8.0
Guilherme Carvalho,9.4,6.1,5.4
Guilherme Costa,7.0,5.6,8.7
Camila Lima,6.9,6.9,8.8
Isabela Carvalho,8.2,5.9,6.4
Ana Oliveira,9.8,8.9,5.4
Carlos Nascimento,7.9,8.0,7.0
Ana Lima,8.9,6.5,10.0
Pedro Pereira,7.8,8.3,5.6
Guilherme Ferreira,5.9,7.8,9.6
Felipe Nascimento,7.3,5.5,9.2
Pedro Pereira,5.3,5.5,5.8
Mariana Pereira,7.2,8.1,5.9
Lucas Martins,5.1,9.5,9.1
Camila Oliveira,6.9,5.1,8.8
Ricardo Santos,6.6,6.5,8.0
Joao Rodrigues,9.0,9.9,7.9
Rafael Costa,9.1,6.7,6.1
Ana Carvalho,6.7,5.4,7.9
Camila Ribeiro,7.1,8.6,8.8
Isabela Santos,6.4,9.9,5.5
Guilherme Almeida,9.5,7.3,8.5
Juliana Gomes,6.7,6.0,8.5
Ana Costa,8.4,6.7,7.7
Maria Costa,9.2,7.1,8.9
Pedro Rodrigues,8.0,6.5,8.3
Guilherme Gomes,7.7,7.6,7.9
Juliana Ferreira,7.8,7.6,9.9
Rafael Santos,6.0,6.6,5.7
Ricardo Souza,9.3,7.3,6.6
Isabela Carvalho,9.7,8.5,9.2
Camila Nascimento,7.7,9.3,7.6
Felipe Gomes,8.4,5.4,8.6
Maria Santos,9.6,7.8,8.0
Juliana Pereira,6.7,5.2,6.0
Rafael Lima,5.8,9.8,8.1
Joao Souza,8.3,6.0,6.7
Rafael Oliveira,6.1,5.9,6.9
Juliana Santos,5.3,5.6,9.5
Carlos Ferreira,8.7,5.9,9.9
Isabela Gomes,5.1,8.8,7.2
Camila Souza,5.1,7.0,9.5
Guilherme Moura,7.8,8.0,6.3
Pedro Rodrigues,6.8,9.7,5.9
Aline Ferreira,8.1,9.8,6.4
Aline Souza,8.1,8.4,8.9
Rafael Souza,9.0,7.5,8.5
Joao Lima,6.5,9.9,7.6
Ana Silva,8.8,9.9,8.1
Guilherme Rodrigues,6.3,7.9,7.7
Guilherme Lima,9.9,5.5,5.4
Aline Almeida,8.2,7.8,7.1
Sofia Santos,9.5,7.3,6.8
Carlos Lima,7.7,5.6,6.5
Guilherme Gomes,7.3,9.5,7.5
Carlos Souza,8.1,9.7,6.7
Felipe Lima,7.7,7.4,8.2
Isabela Ferreira,5.3,8.1,7.7
Lucas Gomes,5.6,9.2,7.8
Rafael Lima,7.0,9.4,6.1
Carlos Martins,8.5,9.8,9.5
Carlos Gomes,6.1,8.0,8.5
Isabela Martins,5.0,7.6,8.1
Isabela Ferreira,9.2,6.1,8.9
Juliana Costa,5.8,7.5,7.0
Lucas Nascimento,5.2,6.6,6.4
Guilherme Costa,7.6,7.5,6.3
Sofia Pereira,6.3,7.0,6.6
Maria Gomes,9.2,8.7,5.2
Isabela Rodrigues,5.6,7.6,5.0
Ana Carvalho,5.0,5.1,9.6
Maria Santos,8.2,8.1,8.7
Joao Carvalho,8.0,9.1,8.5
Camila Souza,6.4,7.5,5.2
Guilherme Oliveira,7.7,8.9,6.1
Felipe Silva,5.5,7.9,5.8
Carlos Costa,7.9,9.3,5.3
Ricardo Almeida,6.3,7.3,5.7
Lucas Santos,8.8,9.3,6.6
Aline Rodrigues,9.9,5.7,8.7
Aline Rodrigues,10.0,8.7,8.1
Carlos Moura,5.5,5.7,6.0
Isabela Moura,5.4,9.6,8.7
Maria Silva,9.9,9.4,7.5
Lucas Carvalho,5.5,5.3,7.6
Rafael Almeida,9.5,7.3,5.3
Lucas Moura,6.4,9.7,6.7
Ana Almeida,9.0,5.1,6.9
Ana Almeida,7.1,6.9,5.1
Rafael Santos,6.1,10.0,9.2
Lucas Lima,8.2,9.9,9.3
Maria Nascimento,5.9,8.4,9.5
Joao Moura,6.6,6.7,6.8
Sofia Souza,7.7,5.0,5.3
Juliana Gomes,6.9,7.6,9.3
Joao Almeida,8.5,5.9,9.7
Isabela Gomes,8.2,5.0,7.3
Aline Almeida,8.1,7.7,5.6
Ana Lima,6.7,7.0,5.5
Carlos Lima,8.6,5.4,5.5
Guilherme Moura,6.0,9.8,9.0
Ricardo Costa,7.9,6.8,9.2
Ana Rodrigues,8.9,7.9,5.5
Lucas Nascimento,8.0,9.1,9.2
Juliana Gomes,7.6,6.9,9.9
Ricardo Costa,7.9,10.0,8.8
Rafael Rodrigues,9.9,6.8,5.3
Lucas Costa,7.7,5.6,6.1
Rafael Ribeiro,7.7,6.5,5.5
Camila Pereira,7.2,7.7,7.5
Felipe Ribeiro,9.1,7.3,6.7
Lucas Ferreira,5.2,5.7,5.2
Isabela Almeida,6.8,8.8,9.5
Felipe Santos,5.3,7.6,6.8
Sofia Oliveira,5.5,6.7,8.6
Joao Silva,7.6,7.0,6.5
Pedro Martins,5.2,7.6,8.6
Carlos Lima,8.4,8.8,5.9
Camila Souza,8.6,7.6,6.7
Maria Moura,6.9,8.6,8.3
Maria Pereira,5.3,7.8,5.7
Ricardo Nascimento,9.0,5.4,7.8
Ricardo Martins,6.2,6.9,8.6
Isabela Ribeiro,6.0,7.1,9.4
Lucas Lima,9.9,9.0,8.1
Ricardo Carvalho,9.3,7.6,9.1
Sofia Silva,9.9,7.7,9.0
Joao Gomes,8.2,9.5,9.0
Guilherme Pereira,8.4,6.2,9.6
Maria Pereira,5.9,7.3,7.5
Lucas Lima,9.7,5.8,7.6
Isabela Nascimento,7.4,9.7,8.6
Joao Pereira,5.1,9.7,8.6
Carlos Costa,9.0,8.2,9.9
Mariana Costa,9.9,5.5,7.0
Carlos Nascimento,8.0,5.9,6.2
Maria Moura,8.7,8.0,5.7
Camila Costa,9.4,7.5,9.2
Maria Rodrigues,8.9,6.7,5.1
Guilherme Ferreira,9.5,6.9,5.7
Carlos Lima,7.5,5.8,8.6
Felipe Costa,7.3,7.4,8.6
Maria Costa,8.2,9.1,6.6
Ana Souza,8.4,6.2,9.2
Maria Lima,8.4,5.7,7.0
Isabela Souza,7.3,9.1,6.1
Sofia Carvalho,7.8,8.9,7.0
Felipe Nascimento,6.5,5.0,6.8
Juliana Oliveira,6.6,6.6,6.0
Pedro Lima,5.8,8.7,8.7
Guilherme Nascimento,6.5,9.5,8.3
Rafael Ferreira,7.4,6.7,6.3
Guilherme Santos,5.3,7.3,8.6
Lucas Costa,6.7,9.3,8.6
Mariana Ferreira,6.7,5.8,9.7
Ricardo Martins,5.4,8.2,7.3
Juliana Gomes,7.7,9.6,7.7
Juliana Rodrigues,5.1,6.8,8.7
Pedro Ferreira,6.3,5.4,7.8
Lucas Ribeiro,6.7,8.3,7.1
Felipe Almeida,6.2,5.6,8.7
Pedro Oliveira,8.3,9.7,6.2
Joao Nascimento,5.4,6.2,8.8
Maria Silva,9.3,6.5,9.5
Pedro Silva,7.2,6.7,5.9
Aline Souza,7.2,5.2,5.2
Pedro Martins,5.7,7.6,8.6
Ana Carvalho,5.1,7.8,7.3
Juliana Nascimento,6.8,6.0,9.9
Carlos Ribeiro,9.0,8.6,6.1
Ricardo Rodrigues,7.7,6.6,6.5
Felipe Souza,5.1,8.7,6.8
Isabela Moura,6.8,7.5,6.2
Isabela Oliveira,8.4,7.8,5.2
Carlos Moura,5.3,5.3,8.3
Juliana Gomes,7.1,8.2,9.5
Mariana Santos,5.0,10.0,8.6
Sofia Nascimento,6.0,8.8,5.6
Aline Gomes,7.5,5.5,8.5
Sofia Almeida,6.8,7.9,7.1
Mariana Nascimento,7.0,8.4,5.5
Ana Almeida,9.2,8.6,5.6
Isabela Moura,7.8,8.5,8.6
Maria Gomes,10.0,5.3,5.4
Maria Rodrigues,9.8,7.4,9.9
Pedro Ribeiro,6.7,5.8,9.6
Juliana Oliveira,9.8,9.6,5.9
Pedro Oliveira,7.9,9.9,9.0
Guilherme Santos,6.1,8.4,9.5
Camila Almeida,9.5,6.3,8.2
Rafael Pereira,5.5,8.5,7.7
Guilherme Moura,8.1,9.2,7.3
Guilherme Gomes,6.1,8.4,7.9
Camila Pereira,5.2,6.9,9.6
Rafael Souza,8.1,6.3,7.5
Aline Martins,7.6,5.6,8.2
Guilherme Moura,8.0,9.6,6.7
Ana Oliveira,9.9,8.5,6.2
Guilherme Ribeiro,6.1,9.0,7.6
Isabela Ferreira,9.5,9.1,8.7
Ricardo Gomes,5.4,6.9,7.8
Guilherme Costa,8.5,9.2,9.9
Carlos Ferreira,5.6,7.0,8.3
Rafael Martins,8.8,8.5,7.1
Pedro Ferreira,9.1,5.6,8.1
Camila Silva,7.1,5.8,8.5
Joao Silva,6.1,5.7,8.0
Camila Silva,5.8,8.6,7.7
Sofia Rodrigues,9.7,5.2,6.4
Sofia Souza,9.0,9.0,8.1
Pedro Ferreira,5.1,5.4,9.8
Felipe Silva,5.1,9.4,6.8
Lucas Souza,6.4,8.3,5.5
Pedro Souza,8.0,8.0,7.4
Ricardo Moura,7.1,9.4,9.1
Maria Ferreira,8.9,6.2,7.7
Isabela Silva,6.4,5.9,9.1
Ricardo Martins,7.5,8.7,9.1
Mariana Oliveira,9.1,6.3,8.8
Ricardo Martins,7.1,6.7,6.7
Carlos Oliveira,9.6,5.8,6.1
Pedro Souza,6.3,8.6,8.5
Ricardo Almeida,9.6,9.4,7.2
Mariana Ribeiro,5.7,7.1,7.6
Joao Santos,5.4,7.5,7.5
Pedro Lima,5.8,7.2,5.2
Camila Almeida,6.5,7.0,7.8
Aline Costa,8.5,10.0,9.9
Isabela Almeida,6.9,5.2,7.7
Sofia Silva,6.2,8.0,8.8
Ricardo Nascimento,7.2,8.6,10.0
Sofia Ferreira,9.3,7.6,6.3
Juliana Santos,7.9,9.0,8.2
Camila Rodrigues,9.7,7.2,6.8
Camila Rodrigues,9.6,7.6,8.7
Sofia Costa,6.8,6.4,9.6
Mariana Santos,5.6,9.5,6.4
Carlos Carvalho,9.8,6.9,7.9
Camila Costa,7.8,6.6,5.1
Juliana Carvalho,5.5,8.6,9.7
Ana Silva,9.6,6.4,8.0
Carlos Costa,8.6,6.8,5.5
Felipe Ferreira,9.9,8.5,6.4
Aline Gomes,9.6,8.0,8.4
Isabela Santos,8.2,9.1,7.9
Mariana Ribeiro,8.1,9.7,10.0
Sofia Almeida,6.3,8.6,6.3
Guilherme Ferreira,7.3,7.5,5.4
Felipe Ribeiro,7.5,7.2,7.9
Aline Santos,8.2,6.8,7.1
Felipe Lima,8.4,5.5,9.5
Rafael Pereira,9.6,9.0,8.8
Carlos Rodrigues,9.7,7.6,8.6
Camila Lima,7.6,6.5,9.7
Aline Lima,10.0,8.0,5.7
Mariana Souza,9.1,6.4,5.1
Maria Silva,6.0,10.0,8.5
Rafael Silva,6.7,7.0,8.5
Camila Rodrigues,6.5,5.2,7.8
Isabela Santos,8.2,8.4,8.8
Carlos Almeida,7.9,6.0,7.2
Maria Costa,5.3,9.8,9.1
Joao Ferreira,7.7,8.5,6.6
Guilherme Moura,9.6,8.6,9.8
Mariana Nascimento,5.2,7.3,8.0
Ana Oliveira,9.4,9.4,7.9
Aline Gomes,6.5,9.7,8.7
Sofia Almeida,9.8,5.8,8.6
Rafael Oliveira,8.9,9.9,6.5
Guilherme Costa,7.5,9.4,7.6
Lucas Ferreira,7.1,5.3,8.9
Joao Rodrigues,9.7,6.4,7.0
Pedro Oliveira,9.5,5.5,7.5
Carlos Nascimento,6.2,8.1,7.2
Pedro Ribeiro,8.1,7.7,5.2
Ana Santos,6.4,9.3,8.7
Isabela Ribeiro,6.3,6.0,5.7
Guilherme Ribeiro,8.9,9.4,7.1
Isabela Almeida,9.4,8.7,7.2
Lucas Ribeiro,5.6,9.9,9.8
Joao Santos,8.1,7.2,5.5
Maria Oliveira,7.0,5.0,6.2
Maria Almeida,8.2,8.4,9.0
Mariana Costa,5.3,5.0,8.2
Isabela Costa,8.9,6.0,5.2
Pedro Ferreira,7.5,8.8,5.7
Sofia Martins,5.9,8.1,8.8
Ana Lima,5.3,6.7,8.1
Sofia Nascimento,9.9,9.2,8.5
Pedro Ribeiro,8.7,5.4,7.3
Felipe Lima,6.0,7.3,9.4
Sofia Nascimento,5.8,8.4,5.3
Maria Ferreira,5.5,5.1,9.1
Camila Almeida,5.3,7.5,7.8
Camila Gomes,6.5,9.9,5.8
Sofia Silva,6.7,6.5,6.7
Camila Martins,7.5,7.0,5.0
Carlos Silva,7.4,7.0,5.0
Camila Martins,8.3,7.1,7.4
Ricardo Gomes,5.0,7.7,5.2
Guilherme Gomes,5.3,5.7,8.5
Carlos Silva,9.2,7.8,8.6
Lucas Nascimento,6.3,7.8,8.4
Pedro Oliveira,9.2,6.8,6.8
Isabela Lima,5.7,5.2,5.1
Ricardo Ferreira,8.6,7.7,8.8
Felipe Lima,8.1,10.0,6.4
Aline Lima,6.9,5.8,7.6
Mariana Ferreira,6.7,9.2,8.4
Guilherme Ferreira,5.8,6.2,5.9
Rafael Ribeiro,7.0,6.4,8.1
Isabela Lima,7.6,8.2,5.8
Joao Pereira,7.6,9.6,8.5
Mariana Ribeiro,9.1,6.6,8.4
Aline Santos,7.9,6.9,5.3
Rafael Nascimento,10.0,8.6,7.4
Maria Lima,9.2,8.7,8.5
Aline Martins,7.7,6.2,5.3
Camila Carvalho,9.9,9.7,9.4
Carlos Santos,6.8,9.0,9.4
Guilherme Silva,9.4,6.2,9.6
Isabela Pereira,8.1,8.6,9.7
Felipe Rodrigues,5.4,6.6,9.7
Joao Moura,6.3,9.9,8.7
Maria Moura,8.4,8.6,7.9
Joao Ferreira,7.2,6.6,7.5
Joao Costa,8.6,6.2,5.3
Aline Lima,7.9,5.0,8.7
Lucas Pereira,9.8,8.8,6.3
Guilherme Santos,6.9,7.3,7.5
Guilherme Costa,9.7,8.5,8.5
Ricardo Santos,7.7,5.4,9.8
Lucas Nascimento,5.8,7.9,8.6
Ana Oliveira,7.0,9.6,7.3
Maria Moura,9.4,8.8,7.9
Ana Martins,7.8,8.3,7.6
Felipe Carvalho,9.5,8.6,6.0
Carlos Souza,5.7,6.1,8.9
Mariana Moura,8.6,7.1,8.7
Juliana Ribeiro,5.0,6.4,7.6
Rafael Ribeiro,9.8,5.2,5.3
Joao Silva,8.8,9.1,9.4
Joao Costa,7.2,9.8,9.2
Aline Martins,8.4,5.1,8.8
Ricardo Gomes,9.2,9.6,6.9
Carlos Silva,8.7,6.7,9.3
Juliana Silva,7.5,7.6,6.6
Juliana Almeida,9.9,7.3,8.8
Camila Pereira,9.5,7.3,9.1
Aline Oliveira,8.8,5.7,6.5
Carlos Pereira,6.9,5.7,9.3
Ricardo Silva,6.2,7.9,8.7
Pedro Moura,5.9,5.3,9.9
Ricardo Pereira,5.0,9.1,5.8
Lucas Martins,6.3,8.8,9.4
Mariana Gomes,6.6,8.8,5.9
Mariana Carvalho,5.2,9.2,8.3
Felipe Oliveira,7.1,7.6,8.0
Guilherme Ferreira,7.6,6.0,9.0
Sofia Gomes,6.4,5.5,7.3
Rafael Martins,7.6,5.3,8.1
Sofia Lima,6.5,7.9,8.2
Aline Carvalho,6.4,5.7,6.1
Aline Silva,5.3,6.4,7.1
Lucas Ribeiro,5.9,9.7,6.0
Juliana Moura,6.3,7.8,9.5
Maria Souza,8.1,7.4,6.3
Carlos Almeida,8.7,7.3,6.4
Ricardo Santos,9.8,5.6,6.5
Joao Gomes,6.7,5.6,5.3
Pedro Rodrigues,7.3,6.7,9.1
Felipe Carvalho,9.3,5.2,5.9
Sofia Souza,7.1,9.6,9.2
Ricardo Nascimento,7.8,7.3,9.4
Ricardo Ribeiro,5.6,5.0,5.0
Isabela Almeida,5.9,8.3,5.5
Lucas Santos,5.8,9.0,9.7
Felipe Gomes,5.9,7.7,9.0
Ana Lima,8.7,9.8,9.8
Aline Costa,8.2,8.7,7.9
Ricardo Nascimento,6.9,8.2,9.5
Rafael Rodrigues,5.9,5.0,7.2
Carlos Santos,9.3,7.1,9.6
Carlos Almeida,7.8,6.7,6.7
Camila Costa,9.2,5.2,6.3
Camila Carvalho,7.4,9.3,5.9
Carlos Gomes,9.4,6.1,7.7
Ana Rodrigues,8.4,6.7,7.9
Ana Almeida,5.6,8.0,6.9
Lucas Martins,9.7,5.6,7.9
Sofia Lima,6.9,6.0,7.4
Aline Almeida,6.2,7.3,7.6
Pedro Moura,6.5,7.6,8.6
Guilherme Moura,6.1,5.8,7.2
Lucas Gomes,7.1,6.5,5.8
Guilherme Pereira,5.3,9.8,8.2
Camila Rodrigues,6.6,9.4,6.0
Felipe Lima,5.8,8.4,7.4
Isabela Ribeiro,6.5,9.8,7.5
Pedro Pereira,9.8,6.0,9.1
Pedro Carvalho,9.3,8.6,7.4
Ana Carvalho,9.8,8.8,6.5
Pedro Pereira,9.3,9.7,9.1
Camila Oliveira,8.9,9.4,6.0
Juliana Ferreira,8.7,9.9,6.7
Isabela Ferreira,6.5,7.5,10.0
Carlos Costa,6.0,8.8,8.9
Sofia Santos,8.4,6.9,5.8
Rafael Gomes,6.6,8.5,6.6
Ana Carvalho,5.9,9.3,6.1
Camila Ferreira,5.6,6.7,10.0
Carlos Moura,8.8,8.8,7.9
Ana Oliveira,8.1,7.3,7.9
Mariana Souza,5.1,6.5,5.1
Pedro Gomes,6.4,7.2,8.3
Ana Lima,6.6,6.6,5.6
Felipe Moura,8.1,5.8,8.9
Pedro Silva,8.4,5.7,6.2
Camila Moura,9.9,7.6,7.2
Ricardo Costa,7.8,8.2,6.2
Mariana Santos,6.4,7.8,5.1
Ricardo Ferreira,9.5,7.8,9.5
Carlos Silva,6.8,7.2,6.3
Mariana Souza,5.0,6.5,7.5
Juliana Oliveira,9.2,7.8,6.5
Isabela Rodrigues,5.9,9.0,7.2
Joao Ribeiro,7.6,7.9,8.3
Sofia Costa,6.3,6.3,9.8
Aline Nascimento,9.2,8.2,5.0
Carlos Pereira,8.1,8.5,6.2
Camila Gomes,8.9,6.7,6.9
Aline Almeida,9.9,7.2,8.6
Aline Moura,7.5,6.4,5.3
Carlos Moura,7.4,8.9,6.5
Ana Lima,9.1,8.0,9.4
Maria Souza,7.6,7.7,8.1
Isabela Ferreira,8.1,5.2,9.9
Lucas Ribeiro,8.5,7.8,5.5
Carlos Almeida,7.9,8.1,9.4
Lucas Souza,9.8,8.9,6.7
Ana Rodrigues,6.9,9.3,8.7
Pedro Silva,6.7,6.6,9.7
Pedro Santos,9.0,9.9,5.2
Aline Silva,9.9,5.3,7.6
Pedro Ribeiro,7.0,8.8,9.2
Felipe Souza,6.5,9.6,8.6
Isabela Lima,7.1,5.5,8.0
Mariana Rodrigues,7.7,7.3,9.2
Felipe Santos,10.0,6.6,6.7
Lucas Silva,9.9,8.8,9.7
Isabela Almeida,5.3,6.0,9.3
Ricardo Ribeiro,7.3,7.5,9.3
Isabela Souza,9.9,9.6,8.1
Juliana Pereira,5.5,6.6,8.6
Lucas Oliveira,8.1,6.3,8.8
Maria Nascimento,8.7,6.2,8.1
Aline Martins,7.5,6.7,8.4
Sofia Lima,7.0,7.2,5.7
Guilherme Ferreira,9.5,5.5,7.7
Maria Pereira,7.3,8.6,8.3
Sofia Oliveira,5.4,7.5,8.5
Isabela Ribeiro,7.2,6.0,5.3
Pedro Souza,5.8,6.3,7.7
Guilherme Lima,6.3,6.8,9.4
Isabela Pereira,6.9,6.1,8.0
Ana Santos,6.7,7.3,9.6
Pedro Gomes,7.4,5.5,8.0
Joao Carvalho,9.9,9.7,5.6
Mariana Oliveira,6.6,6.5,7.7
Maria Nascimento,5.5,9.0,6.5
Rafael Martins,9.9,7.2,5.1
Joao Pereira,5.1,5.4,8.5
Joao Martins,6.2,5.8,7.3
Mariana Costa,8.0,8.3,6.2
Pedro Moura,6.2,5.7,5.3
Guilherme Almeida,6.0,9.6,5.3
Camila Silva,7.7,7.5,8.7
Maria Rodrigues,8.8,9.4,6.2
Joao Silva,6.8,6.9,5.8
Mariana Pereira,10.0,8.4,5.2
Sofia Ribeiro,5.3,6.0,6.3
Ana Lima,6.0,7.4,7.1
Pedro Moura,5.8,5.1,5.1
Mariana Martins,6.5,6.5,7.4
Rafael Silva,6.4,8.9,5.9
Camila Rodrigues,6.8,6.3,8.8
Mariana Almeida,6.5,8.9,9.6
Rafael Lima,8.2,9.6,9.9
Joao Lima,7.4,7.0,9.9
Maria Almeida,5.9,7.1,6.0
Joao Santos,7.6,9.8,6.3
Sofia Moura,5.7,9.6,8.5
Lucas Lima,8.1,8.9,9.5
Mariana Nascimento,8.1,6.5,5.0
Pedro Lima,7.4,9.9,5.7
Maria Lima,8.5,8.2,7.2
Carlos Martins,7.8,8.1,6.5
Joao Pereira,9.4,8.0,7.9
Juliana Carvalho,8.1,9.7,6.3
Joao Martins,9.8,9.3,7.5
Rafael Oliveira,5.2,5.5,8.4
Mariana Costa,7.4,8.0,8.1
Ricardo Oliveira,9.0,5.6,5.0
Isabela Pereira,8.0,6.0,6.0
Camila Rodrigues,5.8,8.5,9.2
Pedro Souza,9.4,6.2,6.8
Lucas Martins,7.0,7.1,6.8
Joao Santos,9.1,9.8,6.7
Carlos Rodrigues,7.8,9.4,7.3
Lucas Almeida,6.7,8.7,7.0
Carlos Silva,6.2,5.5,6.2
Ricardo Rodrigues,6.9,5.4,7.0
Maria Lima,9.3,7.4,6.6
Ricardo Costa,9.2,6.0,5.5
Ana Nascimento,6.2,6.4,9.2
Maria Ferreira,9.6,7.3,7.7
Pedro Souza,8.9,8.7,10.0
Juliana Costa,9.1,8.7,5.4
Felipe Costa,7.0,9.6,6.1
Maria Ribeiro,8.1,8.0,6.9
Rafael Lima,8.6,5.7,8.8
Ricardo Moura,8.7,7.1,9.2
Ana Moura,6.3,9.3,8.2
Aline Oliveira,8.5,5.7,9.2
Juliana Silva,6.9,7.7,6.5
Carlos Lima,7.0,6.3,5.9
Ana Martins,7.5,6.9,10.0
Felipe Almeida,9.5,8.6,9.0
Juliana Ferreira,7.6,7.6,8.6
Pedro Rodrigues,6.6,8.5,7.4
Ricardo Costa,8.5,8.5,7.2
Rafael Ribeiro,5.2,8.0,6.7
Carlos Ferreira,7.8,9.3,7.8
Maria Carvalho,5.2,9.8,8.3
Rafael Oliveira,6.3,6.8,6.4
Camila Santos,6.1,9.3,8.6
Aline Lima,7.2,6.3,9.7
Rafael Oliveira,7.1,7.5,6.2
Maria Santos,9.3,9.9,9.6
Guilherme Moura,7.6,7.8,6.9
Mariana Moura,7.3,7.7,5.8
Sofia Santos,6.7,7.6,9.2
Pedro Moura,6.7,9.5,6.3
Isabela Rodrigues,8.9,7.0,5.5
Felipe Souza,9.4,8.7,7.0
Joao Costa,7.4,8.1,7.8
Joao Oliveira,6.5,9.3,8.6
Sofia Silva,5.7,8.6,8.2
Isabela Carvalho,7.7,9.1,5.2
Sofia Santos,5.1,7.5,9.2
Camila Nascimento,7.5,8.9,9.2
Carlos Souza,6.1,7.5,7.8
Aline Rodrigues,9.7,9.7,5.6
Aline Pereira,6.4,9.7,8.3
Felipe Oliveira,8.1,5.8,9.8
Mariana Gomes,8.1,5.1,9.2
Carlos Pereira,6.7,5.6,7.8
Aline Oliveira,7.7,6.5,7.9
Sofia Silva,9.9,6.8,7.9
Joao Oliveira,8.4,9.0,9.1
Sofia Ferreira,6.1,6.1,6.1
Pedro Ferreira,9.2,7.4,6.4
Ana Pereira,5.5,7.1,5.2
Joao Carvalho,9.6,5.5,7.2
Lucas Souza,5.4,8.2,6.2
Carlos Ferreira,6.3,8.1,9.6
Sofia Lima,7.7,8.5,8.8
Maria Carvalho,7.6,9.8,8.4
Sofia Ribeiro,5.7,6.3,9.2
Maria Martins,8.4,9.8,8.2
Camila Santos,5.6,9.3,6.7
Carlos Souza,5.8,6.9,9.2
Isabela Ferreira,6.3,9.7,7.7
Rafael Carvalho,9.8,8.0,5.2
Guilherme Lima,7.6,5.6,7.9
Aline Souza,5.6,8.9,8.7
Ana Oliveira,6.1,8.1,9.4
Carlos Moura,7.9,5.0,5.1
Pedro Rodrigues,9.0,9.5,7.0
Guilherme Pereira,6.5,5.3,8.4
Sofia Almeida,8.8,6.6,9.1
Lucas Lima,5.5,9.5,8.2
Felipe Pereira,6.3,5.3,6.6
Sofia Ribeiro,8.9,7.5,8.7
Juliana Gomes,5.7,7.5,9.8
Joao Silva,6.8,5.4,6.5
Juliana Souza,6.1,8.5,9.4
Pedro Carvalho,7.1,9.4,6.6
Carlos Rodrigues,7.3,6.2,6.4
Guilherme Silva,7.2,6.7,9.8
Ricardo Oliveira,8.7,8.0,6.1
Joao Moura,5.9,8.3,8.8
Joao Nascimento,9.6,6.0,8.3
Carlos Costa,8.3,6.5,7.0
Felipe Oliveira,8.0,5.8,9.6
Lucas Oliveira,6.5,9.6,8.1
Maria Almeida,7.4,8.1,9.6
Juliana Ribeiro,5.5,6.7,7.7
Isabela Nascimento,9.9,9.7,7.0
Ricardo Silva,6.4,9.7,7.2
Lucas Carvalho,9.5,5.9,6.9
Isabela Gomes,5.6,8.2,9.1
Joao Costa,8.7,7.3,7.2
Felipe Silva,6.1,8.3,8.6
Sofia Rodrigues,5.2,7.7,6.2
Guilherme Martins,6.2,6.5,7.7
Maria Gomes,7.2,9.9,6.9
Ricardo Martins,6.8,5.5,9.7
Rafael Nascimento,5.9,7.4,8.4
Ana Carvalho,5.6,7.3,5.6
Pedro Silva,7.1,6.2,7.4
Pedro Oliveira,7.7,5.6,8.2
Pedro Ribeiro,8.1,5.5,8.7
Aline Santos,6.7,6.3,5.0
Lucas Gomes,5.1,9.2,5.7
Sofia Rodrigues,9.4,5.9,5.2
Lucas Pereira,7.9,7.5,9.9
Juliana Souza,8.6,6.8,6.0
Aline Almeida,8.2,6.1,9.5
Joao Martins,6.9,7.5,8.4
Aline Moura,7.5,8.7,9.9
Guilherme Santos,9.6,5.3,7.2
Camila Santos,9.7,9.6,5.6
Lucas Oliveira,9.2,8.4,6.0
Aline Gomes,9.5,5.1,10.0
Pedro Ribeiro,9.1,9.8,7.4
Guilherme Pereira,5.2,8.5,7.6
Sofia Pereira,5.9,9.5,5.7
Maria Ferreira,8.1,6.2,7.1
Sofia Oliveira,5.8,6.9,6.5
Sofia Oliveira,6.4,9.3,5.8
Pedro Moura,8.3,6.2,8.9
Mariana Ribeiro,8.8,7.8,5.9
Mariana Pereira,8.9,6.6,5.6
Rafael Carvalho,6.7,8.5,8.7
Joao Moura,7.0,8.0,6.6
Rafael Souza,8.4,6.7,9.0
Felipe Martins,6.2,8.5,9.4
Camila Gomes,7.4,5.5,9.8
Joao Silva,8.1,6.3,7.9
Camila Lima,5.5,7.4,6.7
Ricardo Moura,5.7,8.8,5.5
Maria Gomes,7.8,7.0,9.5
Rafael Ferreira,7.6,7.9,8.6
Rafael Carvalho,8.3,9.8,6.1
Juliana Carvalho,8.7,6.4,7.6
Joao Martins,5.3,6.7,8.5
Sofia Silva,9.8,6.1,7.8
Ricardo Gomes,9.2,5.3,6.7
Mariana Moura,6.4,9.9,5.4
Lucas Oliveira,6.6,6.5,7.0
Ana Ribeiro,9.2,8.6,9.0
Sofia Santos,8.6,7.6,7.4
Mariana Oliveira,8.2,8.2,10.0
Ana Nascimento,8.1,9.8,9.2
Joao Martins,9.2,7.5,8.4
Mariana Moura,6.3,5.6,6.9
Felipe Costa,7.9,8.9,7.3
Camila Costa,5.1,5.2,5.8
Camila Carvalho,5.2,6.1,8.2
Felipe Pereira,6.0,8.4,6.3
Carlos Moura,7.9,6.4,8.6
Felipe Carvalho,9.2,8.5,9.3
Mariana Gomes,5.8,8.2,7.4
Guilherme Almeida,5.5,6.5,7.4
Joao Martins,6.3,5.4,5.1
Ricardo Gomes,8.2,7.5,5.0
Lucas Ferreira,5.5,9.1,7.6
Sofia Silva,5.2,8.9,6.1
Ana Gomes,8.9,9.5,7.8
Ricardo Santos,8.5,8.2,5.1
Ana Gomes,6.8,7.5,8.8
Carlos Souza,6.5,5.2,8.3
Aline Oliveira,6.1,5.7,6.9
Felipe Rodrigues,8.0,7.3,9.4
Juliana Ferreira,9.4,6.7,5.6
Carlos Lima,5.5,8.4,8.0
Sofia Oliveira,9.2,5.6,8.3
Lucas Ferreira,5.4,8.2,8.1
Mariana Lima,6.9,7.0,9.1
Aline Moura,5.5,9.4,5.8
Mariana Souza,5.2,6.4,9.2
Isabela Moura,6.1,9.9,8.6
Sofia Costa,5.7,6.9,8.8
Aline Martins,9.3,9.8,9.9
Maria Costa,9.3,10.0,7.9
Juliana Nascimento,6.8,5.5,6.4
Juliana Costa,9.9,7.1,7.2
Mariana Ribeiro,8.0,9.2,7.8
Guilherme Moura,5.8,8.9,9.0
Rafael Gomes,9.8,5.9,7.5
Pedro Martins,6.3,7.1,7.3
Joao Souza,9.8,8.4,5.7
Sofia Oliveira,7.0,9.2,5.6
Ana Lima,6.7,6.4,9.3
Camila Santos,5.3,8.2,7.6
Isabela Silva,9.1,8.1,5.8
Sofia Pereira,9.1,5.9,6.6
Maria Lima,9.4,7.0,7.3
Carlos Santos,9.7,5.2,6.2
Carlos Costa,8.8,6.0,6.0
Ricardo Oliveira,9.5,5.1,9.2
Sofia Pereira,5.2,5.9,7.2
Maria Almeida,9.8,9.0,6.7
Felipe Nascimento,9.1,6.4,5.7
Carlos Carvalho,7.2,6.1,8.2
Sofia Moura,5.7,8.3,7.8
Rafael Moura,8.3,6.0,8.5
Ricardo Lima,6.7,6.8,6.3
Isabela Costa,7.1,9.7,7.7
Juliana Oliveira,6.2,9.6,5.0
Ricardo Nascimento,5.3,8.1,6.9
Lucas Gomes,5.2,5.6,6.8
Rafael Carvalho,7.4,9.3,7.2
Felipe Ferreira,9.3,6.8,6.4
Ricardo Lima,9.3,7.2,7.9
Isabela Martins,8.6,5.9,5.4
Ana Pereira,5.7,9.2,6.7
Mariana Almeida,9.5,9.2,6.6
Carlos Moura,10.0,8.0,6.1
Joao Santos,8.9,9.6,7.7
Guilherme Santos,5.6,5.2,5.0
Rafael Rodrigues,9.0,5.2,9.2
Felipe Ferreira,7.4,7.7,6.6
Camila Pereira,7.4,7.4,6.8
Juliana Rodrigues,7.9,9.9,5.6
Rafael Lima,5.1,9.0,7.0
Ana Moura,10.0,9.3,6.0
Ana Almeida,9.9,7.8,9.1
Ana Pereira,6.0,6.1,6.2
Pedro Almeida,9.0,7.3,9.2
Rafael Santos,6.7,6.8,9.3
Ana Carvalho,8.3,5.2,8.7
Ana Oliveira,8.6,7.0,8.0
Carlos Martins,7.4,5.4,9.7
Ana Santos,7.7,7.5,7.6
Ricardo Ribeiro,7.8,9.7,5.6
Guilherme Souza,6.2,5.6,8.2
Lucas Ribeiro,6.8,9.5,8.5
Sofia Carvalho,8.5,6.8,5.5
Felipe Santos,7.1,6.8,9.8
Mariana Gomes,6.0,6.6,9.7
Felipe Oliveira,9.7,5.9,8.0
Aline Souza,6.1,8.6,8.8
Mariana Nascimento,7.5,6.7,9.3
Ana Pereira,7.6,9.1,8.2
Rafael Ribeiro,6.6,7.2,5.3
Ricardo Costa,5.0,6.0,9.2
Guilherme Martins,6.3,9.1,7.2
Juliana Nascimento,8.8,9.4,7.6
Camila Souza,9.0,6.2,7.2
Maria Carvalho,9.2,7.6,7.8
Carlos Gomes,8.1,7.7,9.3
Guilherme Gomes,5.2,6.5,6.5
Aline Almeida,9.6,5.1,9.7
Lucas Lima,8.1,8.2,6.9
Sofia Pereira,9.0,7.4,9.8
Joao Ribeiro,5.1,5.3,6.2
Joao Santos,5.5,6.7,5.6
Mariana Ferreira,8.6,5.8,5.3
Mariana Oliveira,5.1,9.1,6.7
Lucas Almeida,8.9,5.6,7.8
Carlos Martins,10.0,8.8,7.7
Ana Carvalho,5.5,9.1,5.5
Guilherme Ribeiro,8.3,7.5,5.5
Guilherme Gomes,5.8,6.9,6.0
Carlos Ribeiro,5.6,5.2,7.1
Ricardo Lima,7.9,6.4,6.1
Ricardo Gomes,5.3,9.1,9.0
Joao Pereira,7.0,6.2,8.2
Camila Lima,7.3,7.8,8.3
Isabela Martins,6.2,7.6,5.5
Felipe Silva,6.0,6.3,5.1
Ricardo Almeida,9.4,6.3,8.6
Ricardo Ribeiro,8.1,6.2,8.8
Felipe Rodrigues,9.8,6.4,6.6
Rafael Nascimento,6.0,8.7,6.6
Joao Gomes,9.4,6.6,5.9
Maria Almeida,8.6,8.8,9.6
Joao Pereira,8.6,8.7,9.2
Aline Nascimento,6.6,6.4,7.9
Camila Moura,7.2,5.9,10.0
Carlos Lima,6.0,6.8,7.0
Ana Pereira,8.8,6.8,9.0
Carlos Martins,5.1,5.7,6.4
Sofia Pereira,5.2,7.8,5.7
Mariana Souza,6.2,6.3,6.8
Isabela Souza,8.1,7.8,5.0
Aline Martins,5.0,5.6,5.9
Maria Ribeiro,7.2,5.6,7.5
Rafael Lima,5.3,6.0,6.0
Pedro Costa,5.0,7.1,7.7
Mariana Oliveira,8.0,7.4,8.8
Juliana Almeida,9.0,6.4,8.1
Felipe Silva,5.6,7.9,9.4
Rafael Costa,7.2,7.7,8.8
Juliana Oliveira,9.6,8.6,6.0
Ana Pereira,5.6,5.5,8.4
Juliana Pereira,8.4,8.8,7.9
Rafael Costa,6.0,7.6,9.4
Ana Lima,6.2,5.8,7.1
Isabela Oliveira,5.2,5.7,9.6
Sofia Costa,8.8,6.7,6.2
Juliana Nascimento,8.1,5.2,7.3
Rafael Pereira,6.7,8.5,9.0
Joao Santos,8.9,5.2,8.2
Felipe Silva,8.9,7.4,7.7
Pedro Rodrigues,6.7,8.2,9.6
Lucas Nascimento,8.5,9.1,5.6
Guilherme Martins,6.2,8.3,6.9
Guilherme Oliveira,7.2,8.1,5.8
Guilherme Ribeiro,9.5,5.3,8.2
Aline Moura,6.1,5.8,6.3
Isabela Costa,6.5,6.2,7.7
Ana Silva,9.7,6.6,6.8
Mariana Santos,6.0,8.8,9.4
Felipe Martins,8.6,5.6,6.2
Camila Santos,7.0,9.9,9.0
Felipe Carvalho,7.0,9.6,9.0
Maria Pereira,5.4,6.2,6.4
Camila Costa,6.0,6.5,9.0
Joao Rodrigues,8.4,9.8,7.7
Mariana Rodrigues,8.3,7.3,8.2
Sofia Ferreira,5.7,6.2,6.6
Sofia Nascimento,5.6,8.8,7.2
Sofia Santos,5.6,5.3,7.4
Guilherme Lima,9.7,8.6,5.8
Pedro Silva,8.5,5.5,9.9
Maria Oliveira,10.0,8.0,9.2
Juliana Nascimento,9.4,6.7,6.4
Felipe Pereira,7.1,9.7,7.9
Guilherme Carvalho,6.6,6.6,7.0
Joao Santos,7.9,9.4,6.4
Carlos Pereira,7.3,9.4,8.6
Mariana Martins,6.4,5.1,9.4
Felipe Rodrigues,6.4,5.5,6.0
Pedro Almeida,7.1,8.2,9.5
Ana Oliveira,8.7,6.0,7.4
Rafael Pereira,7.1,7.1,5.4
Guilherme Rodrigues,7.7,5.3,8.0
Ana Silva,5.6,6.3,7.8
Joao Santos,6.3,7.6,5.0
Sofia Silva,9.1,7.6,8.0
Rafael Oliveira,7.3,8.0,7.8
Ricardo Ribeiro,7.0,5.7,8.5
Joao Oliveira,6.2,9.2,9.0
Camila Rodrigues,7.3,7.5,6.3
Juliana Martins,5.7,6.0,8.8
Camila Nascimento,5.9,6.1,7.6
Joao Moura,9.5,9.3,6.1
Carlos Santos,7.7,8.8,5.5
Sofia Ribeiro,7.8,9.1,8.7
Juliana Lima,8.2,7.6,9.7
Guilherme Pereira,5.8,7.0,5.6
Mariana Pereira,6.7,9.8,6.4
Ana Pereira,8.4,9.7,9.9
Ana Ferreira,5.6,6.2,8.9
Pedro Lima,9.3,8.6,5.1
Camila Moura,7.9,8.9,5.9
Sofia Ferreira,7.2,8.2,9.2
Juliana Silva,8.2,6.4,5.5
Mariana Pereira,8.0,5.4,6.3
Joao Lima,7.5,5.6,6.4
Rafael Nascimento,5.4,5.6,7.9
Rafael Ferreira,5.2,8.0,5.7
Sofia Lima,9.4,7.5,8.8
Sofia Gomes,9.2,9.8,7.4
Joao Souza,8.2,7.9,8.9
Isabela Almeida,8.7,7.7,9.7
Ana Ribeiro,6.4,5.9,5.5
Guilherme Gomes,7.4,8.2,9.0
Maria Gomes,8.9,5.4,7.5
Camila Almeida,5.9,8.4,6.2
Aline Nascimento,7.2,9.9,6.7
Juliana Oliveira,8.5,5.4,8.6
Pedro Almeida,8.4,6.7,9.7
Camila Martins,5.6,6.0,6.0
Isabela Moura,6.5,6.7,5.1
Carlos Souza,7.1,6.2,9.5
Juliana Moura,8.4,6.6,7.2
Pedro Silva,6.7,6.6,5.2
Carlos Costa,5.8,8.5,7.4
Ricardo Ferreira,8.4,5.2,7.9
Juliana Santos,5.7,9.8,9.9
Felipe Carvalho,6.8,6.0,6.8
Ana Silva,6.9,9.2,7.8
Rafael Costa,7.8,6.5,6.9
Guilherme Silva,6.1,8.7,8.3
Rafael Carvalho,5.4,9.2,5.3
Camila Oliveira,7.1,9.6,8.2
Lucas Lima,8.6,8.3,6.0
Maria Silva,9.0,6.6,5.7
Pedro Lima,9.8,8.8,9.4
Maria Rodrigues,9.7,7.9,6.9
Juliana Oliveira,9.1,9.4,6.4
Guilherme Martins,6.9,6.6,8.8
Carlos Carvalho,5.1,8.2,5.1
Maria Costa,8.5,9.2,7.2
Aline Santos,8.8,8.2,6.7
Ana Santos,5.5,9.4,5.1
Ricardo Ferreira,7.3,7.8,9.3
Lucas Santos,5.8,7.4,6.5
Maria Souza,8.0,5.2,7.7
Sofia Ferreira,5.1,7.0,8.7
Ana Gomes,7.1,8.8,8.6
Carlos Lima,7.0,7.0,8.2
Joao Oliveira,10.0,6.5,5.1
Camila Oliveira,9.1,7.5,9.3
Pedro Santos,7.4,6.3,7.3
Juliana Rodrigues,5.4,7.2,5.2
Sofia Martins,8.2,7.5,9.3
Juliana Santos,9.5,5.1,5.1
Guilherme Gomes,6.5,6.3,5.5
Rafael Almeida,5.8,9.0,6.4
Juliana Almeida,7.4,5.3,8.4
Ana Ribeiro,7.3,7.1,5.9
Carlos Carvalho,8.3,7.1,7.5
Sofia Ribeiro,9.8,9.2,7.6
Guilherme Almeida,9.4,5.8,8.0
Juliana Gomes,8.4,5.6,7.9
Mariana Martins,6.9,9.5,7.9
Isabela Nascimento,7.2,8.0,8.2
Mariana Silva,8.7,8.5,9.7
Mariana Almeida,8.7,8.1,9.5
Joao Ribeiro,9.2,7.4,7.6
Juliana Oliveira,8.0,5.2,5.7
Lucas Costa,6.0,9.2,7.8
Aline Moura,6.7,9.7,6.9
Camila Moura,7.7,5.1,6.5
Aline Lima,6.8,8.7,7.9
Pedro Oliveira,8.4,7.1,5.8
Ricardo Oliveira,9.2,6.0,6.0
Sofia Souza,7.0,5.5,5.9
Maria Moura,6.6,6.1,8.7
Sofia Gomes,9.3,9.4,6.1
Camila Costa,7.5,6.7,5.5
Sofia Souza,6.4,7.2,7.8
Ana Lima,7.3,9.9,5.6
Ana Carvalho,9.7,7.1,8.3
Rafael Martins,5.8,7.7,6.1
Ana Silva,8.7,7.8,5.3
Felipe Lima,9.7,9.7,9.9
Mariana Moura,9.8,9.7,7.2
Camila Ribeiro,5.1,9.4,9.2
Camila Rodrigues,9.0,8.3,8.6
Felipe Oliveira,8.1,6.6,5.0
Guilherme Oliveira,6.9,8.5,7.3
Joao Nascimento,6.3,9.6,7.7
Guilherme Lima,6.9,9.9,7.3
Isabela Carvalho,10.0,5.4,9.1
Ana Santos,6.1,7.1,8.2
Felipe Martins,6.3,6.8,5.6
Maria Almeida,9.0,7.5,5.8
Juliana Pereira,5.4,7.2,9.7
Carlos Moura,9.1,6.6,9.3
Pedro Ferreira,6.8,8.1,7.0
Sofia Ribeiro,8.2,8.0,5.1
Joao Moura,9.9,6.4,9.5
Carlos Gomes,9.1,5.8,9.5
Pedro Carvalho,5.3,6.3,7.6
Juliana Nascimento,9.6,5.1,9.2
Lucas Carvalho,9.1,9.8,6.3
Maria Ribeiro,5.3,8.7,9.7
Pedro Souza,9.2,7.3,8.1
Felipe Rodrigues,6.5,5.5,5.3
Aline Ribeiro,9.1,5.4,8.8
Ricardo Gomes,5.6,8.3,7.7
Sofia Nascimento,7.7,5.7,9.0
Pedro Almeida,9.9,6.2,5.8
Ana Ribeiro,7.8,7.1,7.7
Felipe Gomes,6.6,9.4,8.7
Camila Carvalho,9.3,6.3,5.2
Lucas Martins,9.3,8.6,5.6
Sofia Almeida,5.2,8.7,8.8
Ana Oliveira,6.7,7.6,8.8
Carlos Martins,6.6,9.5,6.9
Maria Lima,5.1,7.9,5.3
Aline Nascimento,8.2,9.2,8.9
Pedro Costa,5.1,7.4,5.3
Camila Nascimento,9.3,8.8,6.7
Carlos Nascimento,9.6,9.7,6.7
Joao Ribeiro,8.0,9.3,9.6
Maria Moura,5.8,6.2,7.8
Isabela Oliveira,9.7,5.1,8.8
Maria Nascimento,7.8,6.0,8.5
Rafael Carvalho,8.3,5.5,7.7
Lucas Silva,9.9,5.8,7.2
Isabela Nascimento,9.4,9.6,6.1
Sofia Souza,6.5,6.6,8.4
Guilherme Ribeiro,6.5,8.3,8.0
Sofia Martins,9.2,6.0,7.8
Rafael Ribeiro,8.4,5.0,6.4
Joao Carvalho,5.0,9.9,8.7
Isabela Ferreira,6.6,8.8,8.0
Camila Lima,7.0,8.6,7.9
Rafael Ferreira,6.2,6.8,9.4
Ana Silva,6.7,8.8,7.7
Lucas Costa,6.3,7.4,6.4
Camila Silva,5.1,7.3,6.8
Ricardo Silva,7.9,5.8,9.2
Ricardo Ribeiro,5.5,7.1,9.4
Lucas Pereira,9.0,6.3,7.3
Mariana Moura,7.6,9.7,5.5
Sofia Lima,5.9,5.2,9.3
Pedro Santos,9.1,8.8,7.1
Lucas Lima,8.5,9.4,6.2
Ana Silva,6.9,8.5,5.4
Isabela Lima,8.8,9.0,5.6
Rafael Oliveira,6.5,7.1,7.7
Sofia Souza,6.4,7.8,6.7
Rafael Santos,7.9,7.8,7.0
Isabela Souza,7.3,8.0,5.1
Mariana Silva,9.3,7.0,5.7
Guilherme Ribeiro,5.5,8.9,8.8
Felipe Pereira,5.1,7.4,9.2
Rafael Carvalho,7.7,8.3,9.6
Pedro Ferreira,7.5,8.2,8.4
Lucas Nascimento,6.3,9.1,6.0
Lucas Pereira,5.3,5.7,8.5
Ana Oliveira,9.5,6.3,6.5
Ricardo Gomes,6.6,7.7,7.3
Guilherme Souza,6.5,9.3,6.9
Sofia Silva,6.9,8.0,6.0
Aline Oliveira,5.7,6.7,9.4
Camila Nascimento,7.3,9.4,9.1
Maria Ferreira,5.8,7.7,5.8
Maria Souza,7.0,6.4,9.9
Rafael Lima,7.0,7.0,7.5
Guilherme Nascimento,9.7,6.7,8.0
Joao Oliveira,7.0,5.4,9.1
Isabela Carvalho,8.7,10.0,7.7
Ricardo Ribeiro,7.9,6.7,6.8
Felipe Ferreira,8.0,9.9,7.8
Isabela Gomes,9.2,7.3,5.8
Felipe Moura,9.7,8.5,7.2
Pedro Almeida,5.3,8.5,8.6
Joao Pereira,5.2,9.3,8.0
Mariana Nascimento,9.5,8.3,7.4
Maria Ribeiro,7.3,6.8,9.2
Camila Lima,5.2,8.2,5.4
Ana Ribeiro,9.0,7.2,9.8
Camila Ribeiro,7.1,7.7,9.8
Lucas Carvalho,8.0,7.8,9.2
Sofia Oliveira,5.6,9.7,9.3
Pedro Costa,9.9,7.4,6.1
Camila Martins,8.7,7.3,5.7
Ricardo Costa,8.8,6.5,6.7
Rafael Santos,7.6,9.4,6.9
Ana Almeida,5.8,9.6,5.2
Camila Nascimento,7.1,9.9,9.6
Ricardo Carvalho,6.9,6.0,5.1
Rafael Ribeiro,5.6,6.1,5.1
Mariana Moura,6.1,9.1,7.8
Lucas Moura,7.7,7.6,9.5
Mariana Lima,6.0,9.5,7.5
Rafael Santos,8.1,6.2,6.4
Aline Pereira,8.3,6.6,8.9
Carlos Nascimento,5.6,7.8,9.9
Felipe Santos,7.7,9.7,7.6
Isabela Souza,7.4,10.0,7.8
Juliana Souza,8.9,6.9,9.8
Carlos Santos,8.5,6.8,5.1
Aline Gomes,9.5,6.9,9.8
Felipe Santos,5.4,5.7,9.4
Felipe Oliveira,5.9,9.5,8.5
Rafael Souza,8.2,8.4,6.7
Ana Oliveira,5.4,8.3,5.7
Sofia Nascimento,5.9,7.6,6.6
Ricardo Almeida,9.5,7.7,9.6
Juliana Martins,6.8,9.2,9.9
Rafael Ferreira,5.3,6.4,6.8
Carlos Gomes,6.1,6.2,7.6
Mariana Martins,7.7,6.6,8.9
Carlos Martins,8.6,5.0,6.4
Pedro Santos,7.0,5.1,7.2
Felipe Martins,8.3,9.2,6.8
Mariana Martins,9.1,6.4,9.3
Guilherme Gomes,9.7,9.4,9.3
Guilherme Martins,9.6,5.6,8.9
Joao Carvalho,9.0,7.0,9.1
Lucas Almeida,9.8,6.9,8.7
Carlos Costa,5.6,5.1,9.5
Guilherme Ribeiro,5.3,7.8,7.6
Sofia Lima,7.7,5.6,6.6
Guilherme Costa,8.3,8.0,8.1
Pedro Lima,8.0,9.0,5.1
Lucas Costa,8.0,6.7,6.9
Rafael Gomes,6.3,7.6,5.9
Rafael Gomes,5.7,7.6,7.1
Carlos Nascimento,7.9,6.5,8.6
Joao Gomes,5.2,7.9,7.7
Camila Nascimento,8.5,9.0,6.4
Rafael Souza,7.3,6.5,7.1
Camila Carvalho,8.7,9.6,6.3
Rafael Carvalho,8.8,9.2,7.4
Felipe Lima,7.1,7.0,8.9
Juliana Martins,7.0,9.5,6.6
Felipe Costa,5.6,6.3,6.0
Ricardo Nascimento,6.8,5.3,6.1
Felipe Silva,7.9,5.7,6.7
Sofia Gomes,6.1,5.2,8.3
Lucas Souza,7.0,9.3,7.9
Isabela Moura,9.1,8.9,5.8
Felipe Lima,5.1,9.4,6.7
Camila Pereira,5.2,7.9,5.8
Mariana Santos,8.1,6.7,7.1
Sofia Lima,8.9,8.2,8.5
Isabela Souza,8.6,7.2,9.6
Felipe Nascimento,8.5,8.8,9.0
Joao Martins,9.6,6.9,8.4
Juliana Lima,5.9,8.4,9.9
Sofia Carvalho,5.6,6.9,5.6
Aline Ferreira,8.2,8.0,9.6
Guilherme Moura,9.5,9.5,8.8
Pedro Pereira,8.3,8.7,8.2
Isabela Rodrigues,5.4,7.5,7.4
Rafael Oliveira,8.9,7.7,7.0
Ricardo Ferreira,9.5,6.7,8.0
Joao Nascimento,7.1,6.8,6.9
Joao Lima,6.4,6.2,5.3
Camila Almeida,6.8,9.5,5.3
Isabela Martins,5.5,6.9,7.3
Aline Gomes,9.1,6.3,8.3
Maria Souza,7.0,7.3,9.7
Felipe Oliveira,8.7,8.5,5.1
Maria Silva,6.9,7.2,5.4
Sofia Rodrigues,7.3,9.6,7.0
Lucas Pereira,8.5,6.3,9.7
Ricardo Rodrigues,5.6,9.7,7.1
Mariana Gomes,7.9,6.7,7.5
Ana Almeida,8.0,9.2,6.0
Maria Martins,9.3,6.8,9.9
Camila Pereira,8.0,8.0,7.3
Sofia Silva,6.1,8.4,6.9
Ana Martins,9.6,6.3,5.2
Carlos Nascimento,9.9,6.7,5.9
Juliana Moura,9.5,5.5,7.4
Mariana Martins,5.9,5.1,8.9
Ricardo Rodrigues,8.4,6.1,8.3
Juliana Costa,8.0,6.9,7.9
Joao Souza,5.4,8.3,5.5
Felipe Carvalho,5.3,6.4,7.0
Isabela Ferreira,7.4,10.0,8.9
Carlos Ribeiro,8.4,7.7,9.3
Ricardo Pereira,9.8,8.1,5.8
Juliana Ferreira,7.2,6.4,9.9
Felipe Rodrigues,9.6,5.9,8.3
Felipe Martins,6.7,5.4,9.7
Aline Lima,6.8,6.5,9.5
Sofia Carvalho,5.1,9.3,8.6
Pedro Ferreira,7.7,6.4,9.8
Guilherme Carvalho,9.1,5.8,7.1
Felipe Rodrigues,8.5,6.6,9.3
Maria Ribeiro,7.1,7.9,5.6
Ana Nascimento,5.5,8.0,7.7
Maria Santos,6.3,7.4,6.1
Lucas Rodrigues,8.8,7.7,7.7
Pedro Carvalho,9.0,6.0,5.4
Ricardo Ribeiro,5.3,6.8,9.9
Lucas Pereira,7.1,5.2,8.3
Ricardo Martins,9.9,5.1,7.1
Sofia Oliveira,5.6,5.4,7.6
Guilherme Nascimento,5.3,9.9,9.4
Lucas Almeida,5.9,5.8,7.1
Maria Costa,8.8,5.9,6.6
Joao Carvalho,8.8,9.1,8.0
Mariana Oliveira,8.6,6.9,9.9
Pedro Nascimento,7.3,6.6,7.7
Ricardo Carvalho,5.8,6.5,9.2
Lucas Costa,5.4,9.4,5.4
Rafael Almeida,9.0,8.4,8.6
Juliana Moura,6.4,8.4,7.0
Lucas Costa,10.0,8.1,5.8
Juliana Almeida,6.0,7.6,8.9
Felipe Costa,8.4,9.2,7.0
Camila Santos,7.3,6.9,5.7
Joao Santos,9.0,9.5,6.2
Isabela Ribeiro,8.4,5.7,9.5
Aline Rodrigues,7.2,7.4,7.1
Mariana Martins,7.8,5.8,7.6
Carlos Martins,9.0,5.8,7.8
Sofia Moura,7.0,7.9,10.0
Pedro Almeida,6.6,5.0,9.0
Ricardo Moura,6.2,9.3,8.3
Joao Pereira,7.2,6.1,8.7
Lucas Oliveira,9.3,5.6,8.3
Pedro Oliveira,5.6,5.4,7.3
Pedro Ribeiro,8.3,9.9,5.5
Ana Santos,7.2,7.8,7.7
Felipe Ribeiro,5.3,6.7,5.6
Carlos Pereira,8.6,6.6,9.2
Sofia Pereira,8.0,8.1,9.7
Maria Almeida,9.9,9.7,6.9
Juliana Lima,8.1,7.9,8.2
Lucas Martins,5.4,5.4,7.6
Carlos Nascimento,6.6,5.5,9.2
Camila Moura,9.8,8.5,5.4
Aline Martins,5.9,8.1,7.2
Mariana Souza,8.8,5.1,6.5
Carlos Rodrigues,9.3,5.6,6.0
Joao Carvalho,8.3,7.5,5.4
Sofia Carvalho,5.3,9.4,6.4
Ricardo Costa,8.3,6.3,5.4
Carlos Pereira,5.0,9.2,9.9
Sofia Rodrigues,9.3,6.6,5.5
Pedro Carvalho,5.7,9.3,9.9
Rafael Moura,6.0,9.0,7.5
Felipe Costa,6.3,6.8,8.5
Joao Almeida,7.3,9.2,8.5
Ana Pereira,5.4,7.0,10.0
Rafael Ribeiro,6.2,6.0,8.3
Pedro Nascimento,7.1,8.9,10.0
Juliana Ferreira,6.2,7.7,7.2
Lucas Martins,5.1,8.7,5.7
Carlos Gomes,9.3,8.0,7.7
Lucas Silva,7.9,5.2,7.7
Ana Oliveira,9.8,6.1,7.8
Felipe Ferreira,9.7,8.8,9.5
Camila Silva,9.3,8.1,6.5
Joao Ferreira,7.3,7.5,8.0
Guilherme Souza,6.1,9.7,5.4
Pedro Moura,9.8,9.2,9.9
Joao Carvalho,8.2,6.4,7.4
Juliana Martins,8.2,8.1,9.0
Ana Nascimento,6.1,8.8,8.8
Isabela Nascimento,5.5,8.8,5.5
Ricardo Almeida,7.1,8.1,6.2
Carlos Rodrigues,5.5,5.0,6.8
Mariana Moura,9.6,7.0,7.8
Guilherme Carvalho,8.8,6.1,7.6
Carlos Gomes,9.1,6.2,8.0
Camila Oliveira,6.5,7.6,5.8
Joao Nascimento,5.1,9.1,5.8
Sofia Silva,9.9,8.6,7.4
Pedro Oliveira,9.0,8.2,5.6
Aline Pereira,5.5,9.5,9.0
Joao Carvalho,7.1,5.1,7.3
Rafael Souza,5.2,5.8,5.4
Lucas Nascimento,6.6,6.9,10.0
Maria Lima,7.0,6.8,9.0
Lucas Oliveira,9.5,9.3,5.8
Guilherme Moura,9.6,7.5,7.2
Guilherme Oliveira,5.8,5.1,9.5
Felipe Martins,7.1,9.6,8.9
Carlos Souza,9.2,6.0,6.9
Rafael Oliveira,8.5,5.9,9.0
Camila Rodrigues,6.1,6.4,9.7
Isabela Lima,9.0,9.1,5.1
Juliana Pereira,7.6,8.2,8.8
Felipe Carvalho,6.4,5.3,9.2
Ana Gomes,7.1,7.7,6.0
Carlos Ribeiro,6.3,9.5,9.9
Mariana Oliveira,9.0,7.5,9.6
Aline Nascimento,5.9,6.9,7.7
Juliana Souza,10.0,8.9,7.2
Juliana Lima,5.1,9.9,7.3
Camila Silva,9.1,8.9,7.6
Carlos Costa,8.7,8.7,9.8
Camila Silva,7.3,9.2,7.8
Guilherme Oliveira,6.5,8.4,8.2
Pedro Oliveira,9.7,6.6,10.0
Aline Souza,9.3,5.1,6.8
Lucas Oliveira,7.9,5.3,7.0
Guilherme Souza,5.2,7.8,8.6
Ricardo Carvalho,8.1,8.3,8.1
Sofia Lima,8.2,6.5,7.5
Joao Carvalho,7.1,6.6,5.6
Guilherme Ribeiro,7.3,8.4,8.8
Carlos Souza,9.9,8.6,6.4
Pedro Carvalho,7.1,8.6,5.2
Guilherme Oliveira,9.0,8.5,8.2
Guilherme Silva,6.3,6.2,5.0
Ana Almeida,6.3,6.5,8.0
Ana Lima,9.7,8.2,7.0
Pedro Martins,8.7,5.6,8.0
Joao Moura,5.2,8.7,8.0
Rafael Pereira,6.5,9.5,8.1
Sofia Ferreira,6.8,6.8,6.0
Pedro Gomes,5.3,5.9,8.0
Felipe Nascimento,9.4,8.5,7.7
Isabela Silva,5.3,9.3,5.3
Aline Almeida,9.0,7.2,8.8
Pedro Ribeiro,7.3,8.0,7.5
Felipe Costa,8.5,9.3,5.9
Mariana Martins,9.9,7.9,9.6
Pedro Martins,5.8,8.5,5.4
Pedro Lima,6.8,8.0,9.5
Maria Gomes,8.9,6.1,8.3
Ricardo Moura,7.6,5.6,6.9
Mariana Oliveira,7.6,5.5,5.6
Ricardo Rodrigues,9.4,7.8,6.7
Mariana Almeida,8.4,6.0,9.8
Carlos Silva,9.4,7.7,6.1
Sofia Pereira,6.9,6.5,5.6
Sofia Silva,7.8,7.5,9.7
Ana Gomes,7.2,6.0,8.3
Isabela Souza,6.4,6.4,9.7
Pedro Costa,8.4,6.1,5.7
Rafael Moura,7.0,6.3,6.9
Maria Pereira,6.1,5.9,8.2
Pedro Silva,6.0,7.0,8.6
Carlos Pereira,5.8,8.7,9.9
Aline Santos,8.5,6.1,6.0
Sofia Pereira,5.7,8.5,5.6
Juliana Santos,8.0,7.3,8.2
Maria Gomes,8.8,8.8,7.6
Camila Ferreira,9.6,5.1,9.1
Mariana Pereira,7.9,6.5,7.2
Carlos Moura,7.8,5.7,9.8
Guilherme Lima,9.1,5.5,7.6
Mariana Oliveira,8.5,9.2,7.7
Carlos Moura,9.4,8.0,5.2
Felipe Santos,7.7,6.9,8.3
Guilherme Martins,7.0,5.6,5.3
Pedro Ferreira,5.6,5.8,7.5
Joao Martins,8.2,8.5,8.9
Guilherme Ribeiro,5.9,5.7,9.5
Felipe Carvalho,8.2,9.2,10.0
Rafael Silva,9.3,6.7,5.1
Rafael Carvalho,6.6,9.6,9.9
Sofia Ribeiro,8.8,7.6,6.8
Felipe Costa,8.1,6.0,7.7
Sofia Oliveira,5.5,6.4,8.3
Carlos Souza,8.1,7.6,7.1
Mariana Pereira,9.3,6.6,5.6
Ricardo Oliveira,7.0,7.3,6.3
Isabela Almeida,6.8,5.3,8.3
Carlos Gomes,7.9,5.7,9.0
Guilherme Almeida,9.5,7.2,5.6
Aline Nascimento,9.6,9.7,6.1
Isabela Pereira,8.0,8.3,7.4
Lucas Martins,8.2,9.1,7.8
Aline Ribeiro,8.6,9.3,5.1
Guilherme Gomes,6.2,5.9,5.9
Ana Ferreira,7.2,7.7,9.1
Ricardo Santos,5.9,6.7,6.7
Maria Martins,7.9,5.9,7.3
Isabela Gomes,6.2,9.5,10.0
Mariana Pereira,8.4,7.3,9.2
Maria Lima,9.2,8.1,9.4
Lucas Silva,8.2,5.1,7.5
Mariana Martins,5.6,9.2,6.6
Pedro Almeida,8.1,6.8,6.6
Felipe Pereira,5.4,7.5,7.9
Mariana Almeida,7.1,7.9,8.5
Mariana Carvalho,9.1,9.9,8.3
Guilherme Rodrigues,8.0,7.7,5.8
Mariana Gomes,9.9,8.5,6.3
Mariana Gomes,5.1,6.7,7.5
Rafael Costa,6.9,5.3,5.8
Ricardo Lima,5.6,5.5,6.8
Isabela Moura,7.4,6.4,5.6
Camila Almeida,7.5,7.6,8.5
Felipe Ferreira,6.6,9.9,8.9
Aline Martins,7.4,9.9,6.1
Ana Santos,9.5,8.9,6.3
Pedro Ferreira,8.1,5.0,9.2
Felipe Nascimento,6.3,7.4,5.7
Pedro Almeida,8.4,9.9,6.9
Lucas Nascimento,5.7,5.3,7.8
Juliana Carvalho,9.8,6.6,7.6
Camila Ribeiro,6.8,8.1,9.8
Lucas Souza,6.1,6.1,8.8
Lucas Pereira,5.9,6.5,8.1
Joao Lima,6.3,9.6,8.1
Ana Lima,6.0,8.5,8.4
Ana Souza,7.4,9.6,5.8
Felipe Lima,7.7,8.4,5.0
Felipe Gomes,5.6,5.2,7.4
Camila Nascimento,7.0,8.7,6.8
Maria Moura,6.4,7.4,9.6
Sofia Almeida,9.3,9.7,9.8
Camila Nascimento,9.9,8.2,8.0
Joao Gomes,9.3,9.2,5.2
Camila Costa,7.4,7.9,9.8
Rafael Silva,9.2,5.8,8.7
Guilherme Souza,7.6,9.9,5.3
Joao Silva,7.8,9.5,5.6
Isabela Pereira,8.3,6.0,5.8
Ana Almeida,6.0,6.4,6.0
Lucas Carvalho,8.5,10.0,8.9
Sofia Silva,6.4,6.0,5.0
Carlos Costa,5.1,5.0,8.8
Ricardo Carvalho,8.7,7.5,7.1
Guilherme Oliveira,7.7,5.9,9.9
Isabela Ribeiro,9.9,6.2,7.0
Isabela Nascimento,7.7,7.3,9.0
Aline Gomes,7.2,5.3,7.8
Isabela Pereira,5.7,8.4,8.8
Camila Carvalho,7.6,6.3,9.7
Pedro Rodrigues,10.0,6.5,5.4
Juliana Santos,7.7,8.1,6.0
Carlos Santos,6.8,6.2,6.5
Lucas Ferreira,5.7,5.6,9.8
Ricardo Lima,5.2,6.8,5.9
Juliana Silva,10.0,7.9,10.0
Lucas Carvalho,8.7,5.4,7.9
Sofia Ferreira,6.5,9.2,9.5
Lucas Nascimento,6.4,5.8,8.5
Sofia Martins,9.7,8.3,5.2
Sofia Pereira,9.0,7.8,7.1
Mariana Souza,8.0,8.9,8.5
Lucas Ribeiro,9.4,9.2,6.1
Mariana Gomes,5.5,5.5,8.2
Lucas Pereira,6.4,5.3,9.4
Ana Moura,9.3,9.5,6.5
Lucas Pereira,6.2,8.8,6.1
Carlos Pereira,6.0,7.3,6.3
Juliana Rodrigues,8.2,7.3,9.6
Rafael Martins,9.0,8.1,9.5
Carlos Martins,8.5,9.5,8.7
Juliana Lima,8.1,8.9,8.0
Rafael Rodrigues,5.4,8.5,7.0
Ana Pereira,5.2,6.8,7.0
Isabela Silva,8.7,6.5,5.2
Aline Carvalho,6.0,9.3,6.4
Joao Lima,6.1,8.1,9.2
Isabela Martins,5.8,5.5,9.6
Joao Moura,9.5,5.4,9.2
Pedro Souza,5.7,7.1,10.0
Pedro Almeida,8.8,6.2,8.3
Rafael Lima,5.2,7.8,6.2
Ricardo Santos,8.3,5.5,8.3
Juliana Carvalho,9.7,8.2,6.7
Pedro Moura,9.7,8.9,6.7
Lucas Oliveira,6.8,8.4,6.9
Carlos Gomes,6.1,5.0,8.9
Guilherme Nascimento,9.6,9.7,8.2
Lucas Santos,7.5,6.1,6.3
Lucas Costa,8.9,5.7,7.3
Guilherme Ferreira,6.2,6.9,6.0
Aline Martins,9.5,8.5,9.1
Juliana Ribeiro,9.2,8.3,8.0
Mariana Lima,9.2,5.8,9.0
Lucas Santos,6.5,6.5,5.3
Juliana Oliveira,10.0,5.4,6.2
Sofia Ribeiro,7.0,8.9,6.4
Mariana Pereira,9.0,7.5,9.0
Aline Silva,5.0,8.9,8.8
Carlos Gomes,8.8,7.6,6.9
Ricardo Rodrigues,8.2,7.3,6.4
Isabela Martins,7.1,5.1,8.7
Lucas Martins,8.4,7.1,6.1
Ana Moura,6.9,7.5,5.4
Rafael Silva,9.8,7.3,5.5
Ana Souza,7.3,6.5,7.8
Guilherme Souza,9.2,5.7,8.2
Mariana Pereira,9.9,9.7,5.5
Pedro Almeida,5.7,9.8,8.4
Carlos Ferreira,6.7,8.5,5.1
Ricardo Gomes,5.3,5.5,7.9
Isabela Nascimento,6.8,8.6,8.2
Carlos Carvalho,8.5,9.3,5.9
Aline Carvalho,5.3,9.4,8.5
Lucas Santos,6.6,7.7,8.5
Felipe Carvalho,7.7,9.2,7.3
Felipe Ribeiro,7.8,9.1,9.9
Camila Oliveira,5.8,9.4,5.1
Camila Martins,9.7,6.9,7.9
Mariana Moura,6.3,7.6,6.5
Juliana Carvalho,9.4,8.9,9.5
Sofia Souza,5.1,9.1,9.0
Carlos Oliveira,7.9,6.8,9.0
Guilherme Oliveira,6.4,5.3,7.2
Isabela Costa,8.5,5.4,9.8
Lucas Almeida,8.1,6.4,8.9
Rafael Martins,7.8,6.7,10.0
Camila Oliveira,8.0,8.1,7.9
Ricardo Ribeiro,8.2,5.3,9.9
Aline Nascimento,5.4,9.3,8.1
Mariana Moura,6.9,7.2,7.7
Pedro Pereira,6.6,5.9,7.8
Ricardo Moura,7.4,7.3,6.5
Rafael Ribeiro,6.1,8.3,7.4
Carlos Oliveira,6.8,6.9,5.7
Sofia Lima,9.2,6.5,7.2
Joao Gomes,8.3,5.6,9.6
Camila Costa,6.1,8.0,9.6
Juliana Moura,7.4,6.5,5.7
Maria Moura,6.6,7.5,6.5
Sofia Martins,5.0,6.4,7.3
Aline Ferreira,5.3,6.2,6.0
Sofia Gomes,7.3,6.9,6.4
Rafael Pereira,6.1,8.3,10.0
Mariana Ferreira,6.4,6.6,7.1
Camila Lima,5.6,8.6,6.6
Ricardo Carvalho,5.4,5.5,5.8
Aline Santos,5.1,7.5,9.9
Ricardo Ferreira,9.4,5.6,8.6
Pedro Oliveira,9.0,5.6,9.6
Felipe Souza,7.2,9.6,7.9
Maria Rodrigues,5.6,8.0,5.5
Carlos Nascimento,8.3,5.9,6.2
Guilherme Martins,5.9,9.2,5.6
Pedro Ferreira,7.7,5.0,7.4
Juliana Costa,8.9,5.3,6.1
Aline Gomes,6.4,9.5,8.9
Guilherme Santos,8.8,6.4,6.3
Pedro Lima,7.2,9.2,5.9
Juliana Martins,8.8,6.7,5.1
Guilherme Costa,8.4,9.5,9.2
Juliana Ferreira,8.0,9.0,8.5
Pedro Lima,8.3,7.1,6.0
Juliana Ferreira,5.7,5.2,9.6
Maria Rodrigues,9.0,7.3,9.2
Maria Rodrigues,6.5,7.7,9.2
Camila Moura,9.6,5.3,9.3
Felipe Martins,6.9,5.7,6.1
Ricardo Santos,6.8,7.8,5.3
Lucas Ferreira,8.6,7.7,8.4
Ana Moura,7.7,6.8,9.8
Sofia Moura,6.2,5.9,7.1
Carlos Souza,9.8,7.1,6.1
Sofia Nascimento,9.8,7.3,8.5
Rafael Martins,5.5,9.9,6.6
Ana Pereira,5.9,5.3,5.9
Isabela Nascimento,7.7,6.9,7.5
Maria Gomes,6.6,5.4,7.9
Ana Souza,6.2,8.3,9.9
Felipe Martins,5.1,5.2,6.6
Aline Martins,7.9,6.9,9.0
Felipe Lima,9.9,7.2,7.3
Mariana Costa,8.4,7.5,5.9
Rafael Santos,9.4,8.6,6.0
Camila Rodrigues,8.5,7.9,7.3
Felipe Souza,8.9,8.4,6.0
Camila Santos,5.4,9.2,9.2
Pedro Ferreira,5.0,5.9,8.5
Aline Lima,8.4,7.7,9.6
Rafael Ferreira,8.8,9.2,7.4
Isabela Carvalho,5.8,6.7,7.9
Joao Nascimento,9.5,6.3,9.9
Mariana Ferreira,9.2,7.7,5.3
Camila Moura,6.2,9.9,8.7
Ana Costa,7.7,8.9,9.1
Sofia Costa,9.8,5.3,7.3
Rafael Carvalho,6.2,7.6,6.9
Ana Carvalho,8.7,8.6,9.5
Aline Oliveira,9.4,9.5,8.7
Felipe Gomes,5.4,7.8,7.5
Mariana Ribeiro,7.2,7.2,7.6
Ricardo Lima,6.1,6.6,5.7
Maria Silva,8.0,5.8,9.6
Felipe Lima,5.4,5.3,7.7
Carlos Costa,7.7,6.6,9.3
Joao Oliveira,6.9,5.7,6.3
Lucas Ferreira,6.7,6.7,8.5
Juliana Rodrigues,9.4,7.5,6.9
Isabela Ferreira,6.4,8.1,7.6
Rafael Gomes,5.0,9.3,6.4
Pedro Oliveira,9.0,9.4,9.8
Juliana Nascimento,5.7,8.4,5.9
Aline Souza,5.2,8.1,9.9
Pedro Rodrigues,6.2,7.9,9.3